date,maturity,yield
2025-01-09,0.25,3.022
2025-01-09,0.5,3.046
2025-01-09,0.75,2.91
2025-01-09,1.0,2.832
2025-01-09,1.5,2.758
2025-01-09,2.0,2.787
2025-01-09,2.5,2.834
2025-01-09,3.0,2.791
2025-01-09,4.0,2.848
2025-01-09,5.0,2.905
2025-01-09,7.0,3.009
2025-01-09,10.0,3.007
2025-01-09,15.0,2.971
2025-01-09,20.0,2.888
2025-01-09,30.0,2.887
2025-01-10,0.25,3.012
2025-01-10,0.5,3.031
2025-01-10,0.75,2.896
2025-01-10,1.0,2.828
2025-01-10,1.5,2.761
2025-01-10,2.0,2.795
2025-01-10,2.5,2.865
2025-01-10,3.0,2.843
2025-01-10,4.0,2.889
2025-01-10,5.0,2.944
2025-01-10,7.0,3.058
2025-01-10,10.0,3.053
2025-01-10,15.0,3.008
2025-01-10,20.0,2.926
2025-01-10,30.0,2.92
2025-01-13,0.25,3.003
2025-01-13,0.5,3.02
2025-01-13,0.75,2.889
2025-01-13,1.0,2.84
2025-01-13,1.5,2.799
2025-01-13,2.0,2.855
2025-01-13,2.5,2.939
2025-01-13,3.0,2.922
2025-01-13,4.0,2.951
2025-01-13,5.0,3.006
2025-01-13,7.0,3.111
2025-01-13,10.0,3.088
2025-01-13,15.0,3.041
2025-01-13,20.0,2.954
2025-01-13,30.0,2.94
2025-01-14,0.25,2.993
2025-01-14,0.5,3.01
2025-01-14,0.75,2.875
2025-01-14,1.0,2.819
2025-01-14,1.5,2.787
2025-01-14,2.0,2.83
2025-01-14,2.5,2.913
2025-01-14,3.0,2.895
2025-01-14,4.0,2.933
2025-01-14,5.0,2.985
2025-01-14,7.0,3.084
2025-01-14,10.0,3.058
2025-01-14,15.0,2.985
2025-01-14,20.0,2.91
2025-01-14,30.0,2.892
2025-01-15,0.25,2.985
2025-01-15,0.5,3.005
2025-01-15,0.75,2.874
2025-01-15,1.0,2.819
2025-01-15,1.5,2.808
2025-01-15,2.0,2.854
2025-01-15,2.5,2.935
2025-01-15,3.0,2.924
2025-01-15,4.0,2.962
2025-01-15,5.0,3.025
2025-01-15,7.0,3.126
2025-01-15,10.0,3.086
2025-01-15,15.0,3.005
2025-01-15,20.0,2.922
2025-01-15,30.0,2.905
2025-01-16,0.25,2.974
2025-01-16,0.5,2.991
2025-01-16,0.75,2.854
2025-01-16,1.0,2.791
2025-01-16,1.5,2.773
2025-01-16,2.0,2.801
2025-01-16,2.5,2.88
2025-01-16,3.0,2.867
2025-01-16,4.0,2.9
2025-01-16,5.0,2.965
2025-01-16,7.0,3.058
2025-01-16,10.0,3.022
2025-01-16,15.0,2.966
2025-01-16,20.0,2.898
2025-01-16,30.0,2.88
2025-01-17,0.25,2.967
2025-01-17,0.5,2.985
2025-01-17,0.75,2.847
2025-01-17,1.0,2.778
2025-01-17,1.5,2.756
2025-01-17,2.0,2.774
2025-01-17,2.5,2.841
2025-01-17,3.0,2.83
2025-01-17,4.0,2.863
2025-01-17,5.0,2.928
2025-01-17,7.0,3.023
2025-01-17,10.0,3.026
2025-01-17,15.0,2.968
2025-01-17,20.0,2.905
2025-01-17,30.0,2.882
2025-01-20,0.25,2.965
2025-01-20,0.5,2.983
2025-01-20,0.75,2.846
2025-01-20,1.0,2.792
2025-01-20,1.5,2.783
2025-01-20,2.0,2.807
2025-01-20,2.5,2.86
2025-01-20,3.0,2.851
2025-01-20,4.0,2.884
2025-01-20,5.0,2.953
2025-01-20,7.0,3.029
2025-01-20,10.0,3.069
2025-01-20,15.0,2.971
2025-01-20,20.0,2.922
2025-01-20,30.0,2.891
2025-01-21,0.25,2.975
2025-01-21,0.5,2.976
2025-01-21,0.75,2.84
2025-01-21,1.0,2.785
2025-01-21,1.5,2.774
2025-01-21,2.0,2.797
2025-01-21,2.5,2.816
2025-01-21,3.0,2.807
2025-01-21,4.0,2.849
2025-01-21,5.0,2.921
2025-01-21,7.0,2.983
2025-01-21,10.0,3.013
2025-01-21,15.0,2.931
2025-01-21,20.0,2.904
2025-01-21,30.0,2.885
2025-01-22,0.25,2.984
2025-01-22,0.5,2.984
2025-01-22,0.75,2.849
2025-01-22,1.0,2.805
2025-01-22,1.5,2.794
2025-01-22,2.0,2.812
2025-01-22,2.5,2.82
2025-01-22,3.0,2.822
2025-01-22,4.0,2.864
2025-01-22,5.0,2.936
2025-01-22,7.0,2.993
2025-01-22,10.0,3.027
2025-01-22,15.0,2.951
2025-01-22,20.0,2.932
2025-01-22,30.0,2.895
2025-01-23,0.25,2.982
2025-01-23,0.5,2.983
2025-01-23,0.75,2.852
2025-01-23,1.0,2.808
2025-01-23,1.5,2.802
2025-01-23,2.0,2.816
2025-01-23,2.5,2.813
2025-01-23,3.0,2.814
2025-01-23,4.0,2.879
2025-01-23,5.0,2.934
2025-01-23,7.0,2.997
2025-01-23,10.0,3.033
2025-01-23,15.0,2.958
2025-01-23,20.0,2.956
2025-01-23,30.0,2.922
2025-01-24,0.25,2.983
2025-01-24,0.5,2.984
2025-01-24,0.75,2.852
2025-01-24,1.0,2.813
2025-01-24,1.5,2.805
2025-01-24,2.0,2.81
2025-01-24,2.5,2.813
2025-01-24,3.0,2.811
2025-01-24,4.0,2.88
2025-01-24,5.0,2.947
2025-01-24,7.0,3.015
2025-01-24,10.0,3.065
2025-01-24,15.0,2.977
2025-01-24,20.0,2.976
2025-01-24,30.0,2.947
2025-01-31,0.25,2.975
2025-01-31,0.5,2.978
2025-01-31,0.75,2.851
2025-01-31,1.0,2.811
2025-01-31,1.5,2.805
2025-01-31,2.0,2.81
2025-01-31,2.5,2.824
2025-01-31,3.0,2.817
2025-01-31,4.0,2.876
2025-01-31,5.0,2.947
2025-01-31,7.0,3.011
2025-01-31,10.0,3.06
2025-01-31,15.0,2.972
2025-01-31,20.0,2.966
2025-01-31,30.0,2.952
2025-02-03,0.25,2.973
2025-02-03,0.5,2.974
2025-02-03,0.75,2.848
2025-02-03,1.0,2.806
2025-02-03,1.5,2.81
2025-02-03,2.0,2.812
2025-02-03,2.5,2.809
2025-02-03,3.0,2.811
2025-02-03,4.0,2.863
2025-02-03,5.0,2.931
2025-02-03,7.0,2.984
2025-02-03,10.0,3.025
2025-02-03,15.0,2.946
2025-02-03,20.0,2.949
2025-02-03,30.0,2.925
2025-02-04,0.25,2.967
2025-02-04,0.5,2.97
2025-02-04,0.75,2.849
2025-02-04,1.0,2.801
2025-02-04,1.5,2.818
2025-02-04,2.0,2.821
2025-02-04,2.5,2.829
2025-02-04,3.0,2.831
2025-02-04,4.0,2.876
2025-02-04,5.0,2.947
2025-02-04,7.0,3.002
2025-02-04,10.0,3.043
2025-02-04,15.0,2.961
2025-02-04,20.0,2.966
2025-02-04,30.0,2.91
2025-02-05,0.25,2.962
2025-02-05,0.5,2.966
2025-02-05,0.75,2.842
2025-02-05,1.0,2.792
2025-02-05,1.5,2.817
2025-02-05,2.0,2.819
2025-02-05,2.5,2.824
2025-02-05,3.0,2.823
2025-02-05,4.0,2.861
2025-02-05,5.0,2.918
2025-02-05,7.0,2.971
2025-02-05,10.0,3.015
2025-02-05,15.0,2.931
2025-02-05,20.0,2.915
2025-02-05,30.0,2.865
2025-02-06,0.25,2.953
2025-02-06,0.5,2.954
2025-02-06,0.75,2.838
2025-02-06,1.0,2.788
2025-02-06,1.5,2.827
2025-02-06,2.0,2.833
2025-02-06,2.5,2.842
2025-02-06,3.0,2.839
2025-02-06,4.0,2.869
2025-02-06,5.0,2.918
2025-02-06,7.0,2.962
2025-02-06,10.0,3.006
2025-02-06,15.0,2.924
2025-02-06,20.0,2.913
2025-02-06,30.0,2.88
2025-02-07,0.25,2.953
2025-02-07,0.5,2.955
2025-02-07,0.75,2.841
2025-02-07,1.0,2.789
2025-02-07,1.5,2.85
2025-02-07,2.0,2.863
2025-02-07,2.5,2.884
2025-02-07,3.0,2.891
2025-02-07,4.0,2.906
2025-02-07,5.0,2.958
2025-02-07,7.0,3.002
2025-02-07,10.0,3.043
2025-02-07,15.0,2.946
2025-02-07,20.0,2.915
2025-02-07,30.0,2.882
2025-02-10,0.25,2.953
2025-02-10,0.5,2.957
2025-02-10,0.75,2.84
2025-02-10,1.0,2.779
2025-02-10,1.5,2.833
2025-02-10,2.0,2.851
2025-02-10,2.5,2.874
2025-02-10,3.0,2.878
2025-02-10,4.0,2.895
2025-02-10,5.0,2.949
2025-02-10,7.0,2.999
2025-02-10,10.0,3.04
2025-02-10,15.0,2.942
2025-02-10,20.0,2.922
2025-02-10,30.0,2.887
2025-02-11,0.25,2.948
2025-02-11,0.5,2.95
2025-02-11,0.75,2.841
2025-02-11,1.0,2.769
2025-02-11,1.5,2.826
2025-02-11,2.0,2.852
2025-02-11,2.5,2.877
2025-02-11,3.0,2.88
2025-02-11,4.0,2.907
2025-02-11,5.0,2.95
2025-02-11,7.0,3.007
2025-02-11,10.0,3.055
2025-02-11,15.0,2.944
2025-02-11,20.0,2.928
2025-02-11,30.0,2.891
2025-02-12,0.25,2.949
2025-02-12,0.5,2.95
2025-02-12,0.75,2.843
2025-02-12,1.0,2.776
2025-02-12,1.5,2.83
2025-02-12,2.0,2.865
2025-02-12,2.5,2.887
2025-02-12,3.0,2.886
2025-02-12,4.0,2.916
2025-02-12,5.0,2.962
2025-02-12,7.0,3.023
2025-02-12,10.0,3.077
2025-02-12,15.0,2.957
2025-02-12,20.0,2.946
2025-02-12,30.0,2.902
2025-02-13,0.25,2.946
2025-02-13,0.5,2.949
2025-02-13,0.75,2.837
2025-02-13,1.0,2.774
2025-02-13,1.5,2.821
2025-02-13,2.0,2.85
2025-02-13,2.5,2.872
2025-02-13,3.0,2.871
2025-02-13,4.0,2.9
2025-02-13,5.0,2.946
2025-02-13,7.0,3.011
2025-02-13,10.0,3.066
2025-02-13,15.0,2.951
2025-02-13,20.0,2.957
2025-02-13,30.0,2.919
2025-02-14,0.25,2.948
2025-02-14,0.5,2.95
2025-02-14,0.75,2.823
2025-02-14,1.0,2.765
2025-02-14,1.5,2.811
2025-02-14,2.0,2.833
2025-02-14,2.5,2.855
2025-02-14,3.0,2.854
2025-02-14,4.0,2.885
2025-02-14,5.0,2.924
2025-02-14,7.0,2.988
2025-02-14,10.0,3.04
2025-02-14,15.0,2.92
2025-02-14,20.0,2.937
2025-02-14,30.0,2.897
2025-02-17,0.25,2.947
2025-02-17,0.5,2.947
2025-02-17,0.75,2.828
2025-02-17,1.0,2.772
2025-02-17,1.5,2.82
2025-02-17,2.0,2.841
2025-02-17,2.5,2.869
2025-02-17,3.0,2.867
2025-02-17,4.0,2.895
2025-02-17,5.0,2.94
2025-02-17,7.0,3.008
2025-02-17,10.0,3.06
2025-02-17,15.0,2.939
2025-02-17,20.0,2.957
2025-02-17,30.0,2.907
2025-02-18,0.25,2.945
2025-02-18,0.5,2.945
2025-02-18,0.75,2.837
2025-02-18,1.0,2.788
2025-02-18,1.5,2.831
2025-02-18,2.0,2.858
2025-02-18,2.5,2.885
2025-02-18,3.0,2.882
2025-02-18,4.0,2.911
2025-02-18,5.0,2.958
2025-02-18,7.0,3.02
2025-02-18,10.0,3.073
2025-02-18,15.0,2.939
2025-02-18,20.0,2.956
2025-02-18,30.0,2.889
2025-02-19,0.25,2.95
2025-02-19,0.5,2.949
2025-02-19,0.75,2.843
2025-02-19,1.0,2.794
2025-02-19,1.5,2.823
2025-02-19,2.0,2.856
2025-02-19,2.5,2.88
2025-02-19,3.0,2.875
2025-02-19,4.0,2.905
2025-02-19,5.0,2.951
2025-02-19,7.0,3.014
2025-02-19,10.0,3.068
2025-02-19,15.0,2.935
2025-02-19,20.0,2.947
2025-02-19,30.0,2.886
2025-02-20,0.25,2.942
2025-02-20,0.5,2.94
2025-02-20,0.75,2.84
2025-02-20,1.0,2.794
2025-02-20,1.5,2.817
2025-02-20,2.0,2.847
2025-02-20,2.5,2.873
2025-02-20,3.0,2.87
2025-02-20,4.0,2.903
2025-02-20,5.0,2.948
2025-02-20,7.0,3.02
2025-02-20,10.0,3.078
2025-02-20,15.0,2.943
2025-02-20,20.0,2.952
2025-02-20,30.0,2.891
2025-02-21,0.25,2.93
2025-02-21,0.5,2.935
2025-02-21,0.75,2.835
2025-02-21,1.0,2.791
2025-02-21,1.5,2.805
2025-02-21,2.0,2.827
2025-02-21,2.5,2.852
2025-02-21,3.0,2.854
2025-02-21,4.0,2.89
2025-02-21,5.0,2.93
2025-02-21,7.0,2.995
2025-02-21,10.0,3.045
2025-02-21,15.0,2.917
2025-02-21,20.0,2.931
2025-02-21,30.0,2.878
2025-02-24,0.25,2.926
2025-02-24,0.5,2.93
2025-02-24,0.75,2.833
2025-02-24,1.0,2.789
2025-02-24,1.5,2.803
2025-02-24,2.0,2.819
2025-02-24,2.5,2.846
2025-02-24,3.0,2.846
2025-02-24,4.0,2.878
2025-02-24,5.0,2.916
2025-02-24,7.0,2.976
2025-02-24,10.0,3.015
2025-02-24,15.0,2.894
2025-02-24,20.0,2.912
2025-02-24,30.0,2.851
2025-02-25,0.25,2.881
2025-02-25,0.5,2.894
2025-02-25,0.75,2.825
2025-02-25,1.0,2.78
2025-02-25,1.5,2.788
2025-02-25,2.0,2.809
2025-02-25,2.5,2.834
2025-02-25,3.0,2.836
2025-02-25,4.0,2.862
2025-02-25,5.0,2.906
2025-02-25,7.0,2.957
2025-02-25,10.0,2.988
2025-02-25,15.0,2.888
2025-02-25,20.0,2.914
2025-02-25,30.0,2.846
2025-02-26,0.25,2.878
2025-02-26,0.5,2.892
2025-02-26,0.75,2.826
2025-02-26,1.0,2.792
2025-02-26,1.5,2.788
2025-02-26,2.0,2.809
2025-02-26,2.5,2.824
2025-02-26,3.0,2.831
2025-02-26,4.0,2.846
2025-02-26,5.0,2.881
2025-02-26,7.0,2.921
2025-02-26,10.0,2.946
2025-02-26,15.0,2.855
2025-02-26,20.0,2.865
2025-02-26,30.0,2.796
2025-02-27,0.25,2.879
2025-02-27,0.5,2.891
2025-02-27,0.75,2.83
2025-02-27,1.0,2.801
2025-02-27,1.5,2.801
2025-02-27,2.0,2.809
2025-02-27,2.5,2.822
2025-02-27,3.0,2.83
2025-02-27,4.0,2.846
2025-02-27,5.0,2.876
2025-02-27,7.0,2.921
2025-02-27,10.0,2.944
2025-02-27,15.0,2.86
2025-02-27,20.0,2.86
2025-02-27,30.0,2.786
2025-02-28,0.25,2.878
2025-02-28,0.5,2.891
2025-02-28,0.75,2.831
2025-02-28,1.0,2.796
2025-02-28,1.5,2.781
2025-02-28,2.0,2.785
2025-02-28,2.5,2.794
2025-02-28,3.0,2.797
2025-02-28,4.0,2.809
2025-02-28,5.0,2.833
2025-02-28,7.0,2.88
2025-02-28,10.0,2.895
2025-02-28,15.0,2.828
2025-02-28,20.0,2.81
2025-02-28,30.0,2.743
2025-03-04,0.25,2.866
2025-03-04,0.5,2.884
2025-03-04,0.75,2.831
2025-03-04,1.0,2.794
2025-03-04,1.5,2.777
2025-03-04,2.0,2.784
2025-03-04,2.5,2.782
2025-03-04,3.0,2.78
2025-03-04,4.0,2.802
2025-03-04,5.0,2.834
2025-03-04,7.0,2.884
2025-03-04,10.0,2.902
2025-03-04,15.0,2.845
2025-03-04,20.0,2.823
2025-03-04,30.0,2.76
2025-03-05,0.25,2.861
2025-03-05,0.5,2.879
2025-03-05,0.75,2.836
2025-03-05,1.0,2.804
2025-03-05,1.5,2.797
2025-03-05,2.0,2.813
2025-03-05,2.5,2.815
2025-03-05,3.0,2.813
2025-03-05,4.0,2.842
2025-03-05,5.0,2.883
2025-03-05,7.0,2.934
2025-03-05,10.0,2.971
2025-03-05,15.0,2.905
2025-03-05,20.0,2.873
2025-03-05,30.0,2.808
2025-03-06,0.25,2.861
2025-03-06,0.5,2.874
2025-03-06,0.75,2.839
2025-03-06,1.0,2.806
2025-03-06,1.5,2.804
2025-03-06,2.0,2.828
2025-03-06,2.5,2.834
2025-03-06,3.0,2.836
2025-03-06,4.0,2.863
2025-03-06,5.0,2.908
2025-03-06,7.0,2.962
2025-03-06,10.0,3.0
2025-03-06,15.0,2.937
2025-03-06,20.0,2.898
2025-03-06,30.0,2.809
2025-03-07,0.25,2.86
2025-03-07,0.5,2.878
2025-03-07,0.75,2.843
2025-03-07,1.0,2.805
2025-03-07,1.5,2.799
2025-03-07,2.0,2.798
2025-03-07,2.5,2.804
2025-03-07,3.0,2.81
2025-03-07,4.0,2.831
2025-03-07,5.0,2.871
2025-03-07,7.0,2.926
2025-03-07,10.0,2.957
2025-03-07,15.0,2.896
2025-03-07,20.0,2.855
2025-03-07,30.0,2.772
2025-03-10,0.25,2.857
2025-03-10,0.5,2.876
2025-03-10,0.75,2.844
2025-03-10,1.0,2.812
2025-03-10,1.5,2.819
2025-03-10,2.0,2.827
2025-03-10,2.5,2.843
2025-03-10,3.0,2.842
2025-03-10,4.0,2.866
2025-03-10,5.0,2.905
2025-03-10,7.0,2.965
2025-03-10,10.0,3.001
2025-03-10,15.0,2.93
2025-03-10,20.0,2.877
2025-03-10,30.0,2.796
2025-03-11,0.25,2.843
2025-03-11,0.5,2.866
2025-03-11,0.75,2.833
2025-03-11,1.0,2.803
2025-03-11,1.5,2.804
2025-03-11,2.0,2.8
2025-03-11,2.5,2.815
2025-03-11,3.0,2.798
2025-03-11,4.0,2.827
2025-03-11,5.0,2.874
2025-03-11,7.0,2.919
2025-03-11,10.0,2.955
2025-03-11,15.0,2.892
2025-03-11,20.0,2.844
2025-03-11,30.0,2.757
2025-03-12,0.25,2.841
2025-03-12,0.5,2.861
2025-03-12,0.75,2.83
2025-03-12,1.0,2.798
2025-03-12,1.5,2.793
2025-03-12,2.0,2.794
2025-03-12,2.5,2.806
2025-03-12,3.0,2.797
2025-03-12,4.0,2.817
2025-03-12,5.0,2.865
2025-03-12,7.0,2.919
2025-03-12,10.0,2.959
2025-03-12,15.0,2.892
2025-03-12,20.0,2.843
2025-03-12,30.0,2.764
2025-03-13,0.25,2.846
2025-03-13,0.5,2.866
2025-03-13,0.75,2.838
2025-03-13,1.0,2.809
2025-03-13,1.5,2.806
2025-03-13,2.0,2.805
2025-03-13,2.5,2.821
2025-03-13,3.0,2.816
2025-03-13,4.0,2.831
2025-03-13,5.0,2.879
2025-03-13,7.0,2.933
2025-03-13,10.0,2.976
2025-03-13,15.0,2.906
2025-03-13,20.0,2.856
2025-03-13,30.0,2.778
2025-03-14,0.25,2.848
2025-03-14,0.5,2.868
2025-03-14,0.75,2.84
2025-03-14,1.0,2.813
2025-03-14,1.5,2.813
2025-03-14,2.0,2.818
2025-03-14,2.5,2.838
2025-03-14,3.0,2.834
2025-03-14,4.0,2.846
2025-03-14,5.0,2.888
2025-03-14,7.0,2.959
2025-03-14,10.0,3.013
2025-03-14,15.0,2.923
2025-03-14,20.0,2.866
2025-03-14,30.0,2.788
2025-03-17,0.25,2.845
2025-03-17,0.5,2.866
2025-03-17,0.75,2.842
2025-03-17,1.0,2.81
2025-03-17,1.5,2.814
2025-03-17,2.0,2.82
2025-03-17,2.5,2.85
2025-03-17,3.0,2.847
2025-03-17,4.0,2.859
2025-03-17,5.0,2.887
2025-03-17,7.0,2.954
2025-03-17,10.0,3.003
2025-03-17,15.0,2.916
2025-03-17,20.0,2.86
2025-03-17,30.0,2.788
2025-03-18,0.25,2.844
2025-03-18,0.5,2.866
2025-03-18,0.75,2.84
2025-03-18,1.0,2.809
2025-03-18,1.5,2.813
2025-03-18,2.0,2.82
2025-03-18,2.5,2.85
2025-03-18,3.0,2.846
2025-03-18,4.0,2.866
2025-03-18,5.0,2.9
2025-03-18,7.0,2.957
2025-03-18,10.0,2.99
2025-03-18,15.0,2.903
2025-03-18,20.0,2.847
2025-03-18,30.0,2.773
2025-03-19,0.25,2.844
2025-03-19,0.5,2.866
2025-03-19,0.75,2.84
2025-03-19,1.0,2.81
2025-03-19,1.5,2.823
2025-03-19,2.0,2.833
2025-03-19,2.5,2.864
2025-03-19,3.0,2.865
2025-03-19,4.0,2.874
2025-03-19,5.0,2.919
2025-03-19,7.0,2.971
2025-03-19,10.0,2.997
2025-03-19,15.0,2.898
2025-03-19,20.0,2.832
2025-03-19,30.0,2.755
2025-03-20,0.25,2.847
2025-03-20,0.5,2.865
2025-03-20,0.75,2.839
2025-03-20,1.0,2.806
2025-03-20,1.5,2.818
2025-03-20,2.0,2.83
2025-03-20,2.5,2.846
2025-03-20,3.0,2.846
2025-03-20,4.0,2.861
2025-03-20,5.0,2.916
2025-03-20,7.0,2.962
2025-03-20,10.0,2.992
2025-03-20,15.0,2.894
2025-03-20,20.0,2.832
2025-03-20,30.0,2.745
2025-03-21,0.25,2.853
2025-03-21,0.5,2.868
2025-03-21,0.75,2.843
2025-03-21,1.0,2.814
2025-03-21,1.5,2.825
2025-03-21,2.0,2.838
2025-03-21,2.5,2.849
2025-03-21,3.0,2.842
2025-03-21,4.0,2.857
2025-03-21,5.0,2.906
2025-03-21,7.0,2.965
2025-03-21,10.0,3.002
2025-03-21,15.0,2.908
2025-03-21,20.0,2.837
2025-03-21,30.0,2.745
2025-03-24,0.25,2.852
2025-03-24,0.5,2.877
2025-03-24,0.75,2.857
2025-03-24,1.0,2.833
2025-03-24,1.5,2.835
2025-03-24,2.0,2.842
2025-03-24,2.5,2.854
2025-03-24,3.0,2.848
2025-03-24,4.0,2.867
2025-03-24,5.0,2.93
2025-03-24,7.0,2.972
2025-03-24,10.0,3.013
2025-03-24,15.0,2.922
2025-03-24,20.0,2.859
2025-03-24,30.0,2.756
2025-03-25,0.25,2.845
2025-03-25,0.5,2.868
2025-03-25,0.75,2.849
2025-03-25,1.0,2.827
2025-03-25,1.5,2.837
2025-03-25,2.0,2.851
2025-03-25,2.5,2.862
2025-03-25,3.0,2.857
2025-03-25,4.0,2.885
2025-03-25,5.0,2.943
2025-03-25,7.0,2.981
2025-03-25,10.0,3.017
2025-03-25,15.0,2.924
2025-03-25,20.0,2.868
2025-03-25,30.0,2.769
2025-03-26,0.25,2.843
2025-03-26,0.5,2.863
2025-03-26,0.75,2.843
2025-03-26,1.0,2.825
2025-03-26,1.5,2.843
2025-03-26,2.0,2.865
2025-03-26,2.5,2.872
2025-03-26,3.0,2.872
2025-03-26,4.0,2.9
2025-03-26,5.0,2.965
2025-03-26,7.0,3.008
2025-03-26,10.0,3.057
2025-03-26,15.0,2.959
2025-03-26,20.0,2.903
2025-03-26,30.0,2.814
2025-03-27,0.25,2.842
2025-03-27,0.5,2.864
2025-03-27,0.75,2.841
2025-03-27,1.0,2.83
2025-03-27,1.5,2.845
2025-03-27,2.0,2.861
2025-03-27,2.5,2.872
2025-03-27,3.0,2.877
2025-03-27,4.0,2.893
2025-03-27,5.0,2.96
2025-03-27,7.0,3.003
2025-03-27,10.0,3.051
2025-03-27,15.0,2.947
2025-03-27,20.0,2.888
2025-03-27,30.0,2.799
2025-03-28,0.25,2.84
2025-03-28,0.5,2.861
2025-03-28,0.75,2.841
2025-03-28,1.0,2.828
2025-03-28,1.5,2.838
2025-03-28,2.0,2.855
2025-03-28,2.5,2.867
2025-03-28,3.0,2.868
2025-03-28,4.0,2.878
2025-03-28,5.0,2.948
2025-03-28,7.0,2.991
2025-03-28,10.0,3.044
2025-03-28,15.0,2.942
2025-03-28,20.0,2.886
2025-03-28,30.0,2.808
2025-03-31,0.25,2.822
2025-03-31,0.5,2.853
2025-03-31,0.75,2.823
2025-03-31,1.0,2.8
2025-03-31,1.5,2.789
2025-03-31,2.0,2.804
2025-03-31,2.5,2.814
2025-03-31,3.0,2.808
2025-03-31,4.0,2.81
2025-03-31,5.0,2.88
2025-03-31,7.0,2.922
2025-03-31,10.0,2.973
2025-03-31,15.0,2.884
2025-03-31,20.0,2.839
2025-03-31,30.0,2.766
2025-04-01,0.25,2.817
2025-04-01,0.5,2.85
2025-04-01,0.75,2.813
2025-04-01,1.0,2.798
2025-04-01,1.5,2.79
2025-04-01,2.0,2.818
2025-04-01,2.5,2.826
2025-04-01,3.0,2.833
2025-04-01,4.0,2.831
2025-04-01,5.0,2.906
2025-04-01,7.0,2.943
2025-04-01,10.0,2.993
2025-04-01,15.0,2.905
2025-04-01,20.0,2.865
2025-04-01,30.0,2.788
2025-04-02,0.25,2.808
2025-04-02,0.5,2.841
2025-04-02,0.75,2.804
2025-04-02,1.0,2.787
2025-04-02,1.5,2.791
2025-04-02,2.0,2.813
2025-04-02,2.5,2.819
2025-04-02,3.0,2.828
2025-04-02,4.0,2.819
2025-04-02,5.0,2.892
2025-04-02,7.0,2.925
2025-04-02,10.0,2.965
2025-04-02,15.0,2.883
2025-04-02,20.0,2.847
2025-04-02,30.0,2.768
2025-04-03,0.25,2.785
2025-04-03,0.5,2.813
2025-04-03,0.75,2.773
2025-04-03,1.0,2.749
2025-04-03,1.5,2.749
2025-04-03,2.0,2.762
2025-04-03,2.5,2.775
2025-04-03,3.0,2.789
2025-04-03,4.0,2.785
2025-04-03,5.0,2.859
2025-04-03,7.0,2.9
2025-04-03,10.0,2.945
2025-04-03,15.0,2.866
2025-04-03,20.0,2.831
2025-04-03,30.0,2.758
2025-04-04,0.25,2.773
2025-04-04,0.5,2.788
2025-04-04,0.75,2.741
2025-04-04,1.0,2.675
2025-04-04,1.5,2.673
2025-04-04,2.0,2.67
2025-04-04,2.5,2.697
2025-04-04,3.0,2.715
2025-04-04,4.0,2.721
2025-04-04,5.0,2.793
2025-04-04,7.0,2.84
2025-04-04,10.0,2.894
2025-04-04,15.0,2.834
2025-04-04,20.0,2.776
2025-04-04,30.0,2.703
2025-04-07,0.25,2.764
2025-04-07,0.5,2.773
2025-04-07,0.75,2.721
2025-04-07,1.0,2.65
2025-04-07,1.5,2.623
2025-04-07,2.0,2.612
2025-04-07,2.5,2.645
2025-04-07,3.0,2.657
2025-04-07,4.0,2.668
2025-04-07,5.0,2.732
2025-04-07,7.0,2.791
2025-04-07,10.0,2.849
2025-04-07,15.0,2.804
2025-04-07,20.0,2.735
2025-04-07,30.0,2.661
2025-04-08,0.25,2.765
2025-04-08,0.5,2.774
2025-04-08,0.75,2.718
2025-04-08,1.0,2.655
2025-04-08,1.5,2.63
2025-04-08,2.0,2.624
2025-04-08,2.5,2.655
2025-04-08,3.0,2.666
2025-04-08,4.0,2.687
2025-04-08,5.0,2.751
2025-04-08,7.0,2.816
2025-04-08,10.0,2.883
2025-04-08,15.0,2.845
2025-04-08,20.0,2.775
2025-04-08,30.0,2.701
2025-04-09,0.25,2.762
2025-04-09,0.5,2.767
2025-04-09,0.75,2.717
2025-04-09,1.0,2.655
2025-04-09,1.5,2.63
2025-04-09,2.0,2.64
2025-04-09,2.5,2.663
2025-04-09,3.0,2.681
2025-04-09,4.0,2.713
2025-04-09,5.0,2.77
2025-04-09,7.0,2.858
2025-04-09,10.0,2.931
2025-04-09,15.0,2.895
2025-04-09,20.0,2.82
2025-04-09,30.0,2.741
2025-04-10,0.25,2.757
2025-04-10,0.5,2.764
2025-04-10,0.75,2.713
2025-04-10,1.0,2.655
2025-04-10,1.5,2.636
2025-04-10,2.0,2.66
2025-04-10,2.5,2.686
2025-04-10,3.0,2.698
2025-04-10,4.0,2.72
2025-04-10,5.0,2.769
2025-04-10,7.0,2.845
2025-04-10,10.0,2.915
2025-04-10,15.0,2.886
2025-04-10,20.0,2.816
2025-04-10,30.0,2.737
2025-04-11,0.25,2.755
2025-04-11,0.5,2.76
2025-04-11,0.75,2.71
2025-04-11,1.0,2.646
2025-04-11,1.5,2.605
2025-04-11,2.0,2.618
2025-04-11,2.5,2.649
2025-04-11,3.0,2.658
2025-04-11,4.0,2.685
2025-04-11,5.0,2.732
2025-04-11,7.0,2.815
2025-04-11,10.0,2.893
2025-04-11,15.0,2.871
2025-04-11,20.0,2.808
2025-04-11,30.0,2.732
2025-04-14,0.25,2.733
2025-04-14,0.5,2.755
2025-04-14,0.75,2.708
2025-04-14,1.0,2.65
2025-04-14,1.5,2.604
2025-04-14,2.0,2.62
2025-04-14,2.5,2.654
2025-04-14,3.0,2.67
2025-04-14,4.0,2.697
2025-04-14,5.0,2.75
2025-04-14,7.0,2.816
2025-04-14,10.0,2.89
2025-04-14,15.0,2.865
2025-04-14,20.0,2.797
2025-04-14,30.0,2.722
2025-04-15,0.25,2.724
2025-04-15,0.5,2.749
2025-04-15,0.75,2.699
2025-04-15,1.0,2.642
2025-04-15,1.5,2.589
2025-04-15,2.0,2.613
2025-04-15,2.5,2.637
2025-04-15,3.0,2.651
2025-04-15,4.0,2.68
2025-04-15,5.0,2.735
2025-04-15,7.0,2.802
2025-04-15,10.0,2.865
2025-04-15,15.0,2.847
2025-04-15,20.0,2.762
2025-04-15,30.0,2.687
2025-04-16,0.25,2.711
2025-04-16,0.5,2.728
2025-04-16,0.75,2.681
2025-04-16,1.0,2.617
2025-04-16,1.5,2.547
2025-04-16,2.0,2.563
2025-04-16,2.5,2.585
2025-04-16,3.0,2.588
2025-04-16,4.0,2.624
2025-04-16,5.0,2.683
2025-04-16,7.0,2.753
2025-04-16,10.0,2.823
2025-04-16,15.0,2.811
2025-04-16,20.0,2.723
2025-04-16,30.0,2.647
2025-04-17,0.25,2.711
2025-04-17,0.5,2.728
2025-04-17,0.75,2.681
2025-04-17,1.0,2.62
2025-04-17,1.5,2.593
2025-04-17,2.0,2.61
2025-04-17,2.5,2.633
2025-04-17,3.0,2.639
2025-04-17,4.0,2.661
2025-04-17,5.0,2.713
2025-04-17,7.0,2.784
2025-04-17,10.0,2.85
2025-04-17,15.0,2.841
2025-04-17,20.0,2.756
2025-04-17,30.0,2.684
2025-04-18,0.25,2.701
2025-04-18,0.5,2.706
2025-04-18,0.75,2.667
2025-04-18,1.0,2.609
2025-04-18,1.5,2.572
2025-04-18,2.0,2.58
2025-04-18,2.5,2.604
2025-04-18,3.0,2.606
2025-04-18,4.0,2.636
2025-04-18,5.0,2.686
2025-04-18,7.0,2.751
2025-04-18,10.0,2.818
2025-04-18,15.0,2.816
2025-04-18,20.0,2.729
2025-04-18,30.0,2.652
2025-04-21,0.25,2.705
2025-04-21,0.5,2.703
2025-04-21,0.75,2.655
2025-04-21,1.0,2.603
2025-04-21,1.5,2.555
2025-04-21,2.0,2.567
2025-04-21,2.5,2.572
2025-04-21,3.0,2.574
2025-04-21,4.0,2.6
2025-04-21,5.0,2.649
2025-04-21,7.0,2.722
2025-04-21,10.0,2.798
2025-04-21,15.0,2.8
2025-04-21,20.0,2.717
2025-04-21,30.0,2.641
2025-04-22,0.25,2.704
2025-04-22,0.5,2.701
2025-04-22,0.75,2.654
2025-04-22,1.0,2.608
2025-04-22,1.5,2.557
2025-04-22,2.0,2.569
2025-04-22,2.5,2.571
2025-04-22,3.0,2.579
2025-04-22,4.0,2.613
2025-04-22,5.0,2.66
2025-04-22,7.0,2.738
2025-04-22,10.0,2.823
2025-04-22,15.0,2.827
2025-04-22,20.0,2.747
2025-04-22,30.0,2.684
2025-04-23,0.25,2.7
2025-04-23,0.5,2.698
2025-04-23,0.75,2.644
2025-04-23,1.0,2.606
2025-04-23,1.5,2.556
2025-04-23,2.0,2.574
2025-04-23,2.5,2.579
2025-04-23,3.0,2.589
2025-04-23,4.0,2.609
2025-04-23,5.0,2.652
2025-04-23,7.0,2.715
2025-04-23,10.0,2.796
2025-04-23,15.0,2.816
2025-04-23,20.0,2.74
2025-04-23,30.0,2.677
2025-04-24,0.25,2.696
2025-04-24,0.5,2.689
2025-04-24,0.75,2.639
2025-04-24,1.0,2.605
2025-04-24,1.5,2.557
2025-04-24,2.0,2.578
2025-04-24,2.5,2.579
2025-04-24,3.0,2.596
2025-04-24,4.0,2.623
2025-04-24,5.0,2.668
2025-04-24,7.0,2.732
2025-04-24,10.0,2.821
2025-04-24,15.0,2.835
2025-04-24,20.0,2.757
2025-04-24,30.0,2.697
2025-04-25,0.25,2.69
2025-04-25,0.5,2.679
2025-04-25,0.75,2.623
2025-04-25,1.0,2.592
2025-04-25,1.5,2.535
2025-04-25,2.0,2.554
2025-04-25,2.5,2.545
2025-04-25,3.0,2.561
2025-04-25,4.0,2.582
2025-04-25,5.0,2.628
2025-04-25,7.0,2.686
2025-04-25,10.0,2.779
2025-04-25,15.0,2.795
2025-04-25,20.0,2.727
2025-04-25,30.0,2.667
2025-04-28,0.25,2.683
2025-04-28,0.5,2.666
2025-04-28,0.75,2.604
2025-04-28,1.0,2.583
2025-04-28,1.5,2.535
2025-04-28,2.0,2.555
2025-04-28,2.5,2.557
2025-04-28,3.0,2.572
2025-04-28,4.0,2.594
2025-04-28,5.0,2.639
2025-04-28,7.0,2.695
2025-04-28,10.0,2.79
2025-04-28,15.0,2.796
2025-04-28,20.0,2.72
2025-04-28,30.0,2.657
2025-04-29,0.25,2.683
2025-04-29,0.5,2.663
2025-04-29,0.75,2.606
2025-04-29,1.0,2.582
2025-04-29,1.5,2.529
2025-04-29,2.0,2.549
2025-04-29,2.5,2.554
2025-04-29,3.0,2.571
2025-04-29,4.0,2.598
2025-04-29,5.0,2.649
2025-04-29,7.0,2.703
2025-04-29,10.0,2.807
2025-04-29,15.0,2.816
2025-04-29,20.0,2.743
2025-04-29,30.0,2.689
2025-04-30,0.25,2.681
2025-04-30,0.5,2.654
2025-04-30,0.75,2.593
2025-04-30,1.0,2.572
2025-04-30,1.5,2.504
2025-04-30,2.0,2.516
2025-04-30,2.5,2.514
2025-04-30,3.0,2.528
2025-04-30,4.0,2.549
2025-04-30,5.0,2.599
2025-04-30,7.0,2.658
2025-04-30,10.0,2.766
2025-04-30,15.0,2.781
2025-04-30,20.0,2.716
2025-04-30,30.0,2.662
2025-05-02,0.25,2.677
2025-05-02,0.5,2.65
2025-05-02,0.75,2.586
2025-05-02,1.0,2.565
2025-05-02,1.5,2.507
2025-05-02,2.0,2.52
2025-05-02,2.5,2.524
2025-05-02,3.0,2.537
2025-05-02,4.0,2.568
2025-05-02,5.0,2.622
2025-05-02,7.0,2.682
2025-05-02,10.0,2.79
2025-05-02,15.0,2.803
2025-05-02,20.0,2.725
2025-05-02,30.0,2.668
2025-05-07,0.25,2.672
2025-05-07,0.5,2.645
2025-05-07,0.75,2.576
2025-05-07,1.0,2.554
2025-05-07,1.5,2.482
2025-05-07,2.0,2.5
2025-05-07,2.5,2.493
2025-05-07,3.0,2.507
2025-05-07,4.0,2.545
2025-05-07,5.0,2.603
2025-05-07,7.0,2.672
2025-05-07,10.0,2.797
2025-05-07,15.0,2.813
2025-05-07,20.0,2.741
2025-05-07,30.0,2.683
2025-05-08,0.25,2.667
2025-05-08,0.5,2.638
2025-05-08,0.75,2.571
2025-05-08,1.0,2.556
2025-05-08,1.5,2.491
2025-05-08,2.0,2.515
2025-05-08,2.5,2.519
2025-05-08,3.0,2.534
2025-05-08,4.0,2.566
2025-05-08,5.0,2.627
2025-05-08,7.0,2.691
2025-05-08,10.0,2.818
2025-05-08,15.0,2.837
2025-05-08,20.0,2.768
2025-05-08,30.0,2.711
2025-05-09,0.25,2.662
2025-05-09,0.5,2.632
2025-05-09,0.75,2.568
2025-05-09,1.0,2.556
2025-05-09,1.5,2.519
2025-05-09,2.0,2.548
2025-05-09,2.5,2.565
2025-05-09,3.0,2.585
2025-05-09,4.0,2.608
2025-05-09,5.0,2.681
2025-05-09,7.0,2.745
2025-05-09,10.0,2.864
2025-05-09,15.0,2.88
2025-05-09,20.0,2.81
2025-05-09,30.0,2.743
2025-05-12,0.25,2.659
2025-05-12,0.5,2.625
2025-05-12,0.75,2.559
2025-05-12,1.0,2.544
2025-05-12,1.5,2.517
2025-05-12,2.0,2.551
2025-05-12,2.5,2.563
2025-05-12,3.0,2.584
2025-05-12,4.0,2.607
2025-05-12,5.0,2.687
2025-05-12,7.0,2.75
2025-05-12,10.0,2.884
2025-05-12,15.0,2.9
2025-05-12,20.0,2.833
2025-05-12,30.0,2.768
2025-05-13,0.25,2.663
2025-05-13,0.5,2.617
2025-05-13,0.75,2.558
2025-05-13,1.0,2.544
2025-05-13,1.5,2.55
2025-05-13,2.0,2.58
2025-05-13,2.5,2.601
2025-05-13,3.0,2.628
2025-05-13,4.0,2.648
2025-05-13,5.0,2.73
2025-05-13,7.0,2.798
2025-05-13,10.0,2.917
2025-05-13,15.0,2.926
2025-05-13,20.0,2.853
2025-05-13,30.0,2.781
2025-05-14,0.25,2.663
2025-05-14,0.5,2.612
2025-05-14,0.75,2.54
2025-05-14,1.0,2.528
2025-05-14,1.5,2.535
2025-05-14,2.0,2.559
2025-05-14,2.5,2.584
2025-05-14,3.0,2.609
2025-05-14,4.0,2.633
2025-05-14,5.0,2.715
2025-05-14,7.0,2.782
2025-05-14,10.0,2.904
2025-05-14,15.0,2.91
2025-05-14,20.0,2.845
2025-05-14,30.0,2.767
2025-05-15,0.25,2.662
2025-05-15,0.5,2.607
2025-05-15,0.75,2.535
2025-05-15,1.0,2.523
2025-05-15,1.5,2.531
2025-05-15,2.0,2.552
2025-05-15,2.5,2.579
2025-05-15,3.0,2.608
2025-05-15,4.0,2.633
2025-05-15,5.0,2.715
2025-05-15,7.0,2.781
2025-05-15,10.0,2.901
2025-05-15,15.0,2.91
2025-05-15,20.0,2.853
2025-05-15,30.0,2.775
2025-05-16,0.25,2.651
2025-05-16,0.5,2.588
2025-05-16,0.75,2.515
2025-05-16,1.0,2.496
2025-05-16,1.5,2.512
2025-05-16,2.0,2.527
2025-05-16,2.5,2.546
2025-05-16,3.0,2.572
2025-05-16,4.0,2.597
2025-05-16,5.0,2.675
2025-05-16,7.0,2.736
2025-05-16,10.0,2.86
2025-05-16,15.0,2.879
2025-05-16,20.0,2.833
2025-05-16,30.0,2.762
2025-05-19,0.25,2.648
2025-05-19,0.5,2.587
2025-05-19,0.75,2.515
2025-05-19,1.0,2.497
2025-05-19,1.5,2.533
2025-05-19,2.0,2.56
2025-05-19,2.5,2.588
2025-05-19,3.0,2.614
2025-05-19,4.0,2.647
2025-05-19,5.0,2.732
2025-05-19,7.0,2.805
2025-05-19,10.0,2.934
2025-05-19,15.0,2.938
2025-05-19,20.0,2.892
2025-05-19,30.0,2.825
2025-05-20,0.25,2.64
2025-05-20,0.5,2.586
2025-05-20,0.75,2.512
2025-05-20,1.0,2.499
2025-05-20,1.5,2.512
2025-05-20,2.0,2.534
2025-05-20,2.5,2.562
2025-05-20,3.0,2.591
2025-05-20,4.0,2.621
2025-05-20,5.0,2.699
2025-05-20,7.0,2.779
2025-05-20,10.0,2.908
2025-05-20,15.0,2.909
2025-05-20,20.0,2.859
2025-05-20,30.0,2.797
2025-05-21,0.25,2.637
2025-05-21,0.5,2.586
2025-05-21,0.75,2.516
2025-05-21,1.0,2.497
2025-05-21,1.5,2.512
2025-05-21,2.0,2.534
2025-05-21,2.5,2.569
2025-05-21,3.0,2.6
2025-05-21,4.0,2.637
2025-05-21,5.0,2.721
2025-05-21,7.0,2.807
2025-05-21,10.0,2.941
2025-05-21,15.0,2.934
2025-05-21,20.0,2.887
2025-05-21,30.0,2.819
2025-05-22,0.25,2.634
2025-05-22,0.5,2.583
2025-05-22,0.75,2.507
2025-05-22,1.0,2.489
2025-05-22,1.5,2.497
2025-05-22,2.0,2.519
2025-05-22,2.5,2.545
2025-05-22,3.0,2.583
2025-05-22,4.0,2.619
2025-05-22,5.0,2.699
2025-05-22,7.0,2.788
2025-05-22,10.0,2.921
2025-05-22,15.0,2.92
2025-05-22,20.0,2.883
2025-05-22,30.0,2.82
2025-05-23,0.25,2.627
2025-05-23,0.5,2.58
2025-05-23,0.75,2.507
2025-05-23,1.0,2.492
2025-05-23,1.5,2.5
2025-05-23,2.0,2.519
2025-05-23,2.5,2.547
2025-05-23,3.0,2.587
2025-05-23,4.0,2.626
2025-05-23,5.0,2.708
2025-05-23,7.0,2.807
2025-05-23,10.0,2.946
2025-05-23,15.0,2.938
2025-05-23,20.0,2.905
2025-05-23,30.0,2.83
2025-05-26,0.25,2.619
2025-05-26,0.5,2.573
2025-05-26,0.75,2.512
2025-05-26,1.0,2.493
2025-05-26,1.5,2.501
2025-05-26,2.0,2.526
2025-05-26,2.5,2.56
2025-05-26,3.0,2.603
2025-05-26,4.0,2.638
2025-05-26,5.0,2.711
2025-05-26,7.0,2.812
2025-05-26,10.0,2.949
2025-05-26,15.0,2.94
2025-05-26,20.0,2.908
2025-05-26,30.0,2.827
2025-05-27,0.25,2.608
2025-05-27,0.5,2.57
2025-05-27,0.75,2.512
2025-05-27,1.0,2.489
2025-05-27,1.5,2.487
2025-05-27,2.0,2.522
2025-05-27,2.5,2.55
2025-05-27,3.0,2.587
2025-05-27,4.0,2.618
2025-05-27,5.0,2.683
2025-05-27,7.0,2.777
2025-05-27,10.0,2.884
2025-05-27,15.0,2.882
2025-05-27,20.0,2.858
2025-05-27,30.0,2.774
2025-05-28,0.25,2.597
2025-05-28,0.5,2.558
2025-05-28,0.75,2.506
2025-05-28,1.0,2.487
2025-05-28,1.5,2.481
2025-05-28,2.0,2.504
2025-05-28,2.5,2.527
2025-05-28,3.0,2.562
2025-05-28,4.0,2.596
2025-05-28,5.0,2.669
2025-05-28,7.0,2.77
2025-05-28,10.0,2.879
2025-05-28,15.0,2.877
2025-05-28,20.0,2.848
2025-05-28,30.0,2.762
2025-05-29,0.25,2.592
2025-05-29,0.5,2.556
2025-05-29,0.75,2.509
2025-05-29,1.0,2.489
2025-05-29,1.5,2.489
2025-05-29,2.0,2.514
2025-05-29,2.5,2.555
2025-05-29,3.0,2.591
2025-05-29,4.0,2.625
2025-05-29,5.0,2.706
2025-05-29,7.0,2.819
2025-05-29,10.0,2.937
2025-05-29,15.0,2.925
2025-05-29,20.0,2.887
2025-05-29,30.0,2.807
2025-05-30,0.25,2.579
2025-05-30,0.5,2.545
2025-05-30,0.75,2.502
2025-05-30,1.0,2.484
2025-05-30,1.5,2.487
2025-05-30,2.0,2.515
2025-05-30,2.5,2.546
2025-05-30,3.0,2.581
2025-05-30,4.0,2.623
2025-05-30,5.0,2.711
2025-05-30,7.0,2.826
2025-05-30,10.0,2.949
2025-05-30,15.0,2.933
2025-05-30,20.0,2.892
2025-05-30,30.0,2.815
2025-06-02,0.25,2.572
2025-06-02,0.5,2.54
2025-06-02,0.75,2.5
2025-06-02,1.0,2.481
2025-06-02,1.5,2.487
2025-06-02,2.0,2.514
2025-06-02,2.5,2.544
2025-06-02,3.0,2.579
2025-06-02,4.0,2.628
2025-06-02,5.0,2.721
2025-06-02,7.0,2.841
2025-06-02,10.0,2.971
2025-06-02,15.0,2.953
2025-06-02,20.0,2.913
2025-06-02,30.0,2.842
2025-06-04,0.25,2.579
2025-06-04,0.5,2.548
2025-06-04,0.75,2.507
2025-06-04,1.0,2.493
2025-06-04,1.5,2.521
2025-06-04,2.0,2.566
2025-06-04,2.5,2.614
2025-06-04,3.0,2.656
2025-06-04,4.0,2.707
2025-06-04,5.0,2.799
2025-06-04,7.0,2.929
2025-06-04,10.0,3.059
2025-06-04,15.0,3.052
2025-06-04,20.0,3.023
2025-06-04,30.0,2.964
2025-06-05,0.25,2.576
2025-06-05,0.5,2.542
2025-06-05,0.75,2.499
2025-06-05,1.0,2.479
2025-06-05,1.5,2.516
2025-06-05,2.0,2.559
2025-06-05,2.5,2.604
2025-06-05,3.0,2.655
2025-06-05,4.0,2.7
2025-06-05,5.0,2.793
2025-06-05,7.0,2.923
2025-06-05,10.0,3.054
2025-06-05,15.0,3.04
2025-06-05,20.0,3.004
2025-06-05,30.0,2.945
2025-06-09,0.25,2.564
2025-06-09,0.5,2.533
2025-06-09,0.75,2.49
2025-06-09,1.0,2.465
2025-06-09,1.5,2.511
2025-06-09,2.0,2.551
2025-06-09,2.5,2.586
2025-06-09,3.0,2.634
2025-06-09,4.0,2.666
2025-06-09,5.0,2.75
2025-06-09,7.0,2.888
2025-06-09,10.0,3.025
2025-06-09,15.0,3.017
2025-06-09,20.0,2.986
2025-06-09,30.0,2.935
2025-06-10,0.25,2.561
2025-06-10,0.5,2.526
2025-06-10,0.75,2.48
2025-06-10,1.0,2.455
2025-06-10,1.5,2.519
2025-06-10,2.0,2.569
2025-06-10,2.5,2.604
2025-06-10,3.0,2.642
2025-06-10,4.0,2.675
2025-06-10,5.0,2.756
2025-06-10,7.0,2.895
2025-06-10,10.0,3.032
2025-06-10,15.0,3.026
2025-06-10,20.0,2.995
2025-06-10,30.0,2.942
2025-06-11,0.25,2.557
2025-06-11,0.5,2.522
2025-06-11,0.75,2.475
2025-06-11,1.0,2.453
2025-06-11,1.5,2.529
2025-06-11,2.0,2.581
2025-06-11,2.5,2.644
2025-06-11,3.0,2.678
2025-06-11,4.0,2.702
2025-06-11,5.0,2.775
2025-06-11,7.0,2.905
2025-06-11,10.0,3.039
2025-06-11,15.0,3.032
2025-06-11,20.0,3.001
2025-06-11,30.0,2.938
2025-06-12,0.25,2.55
2025-06-12,0.5,2.515
2025-06-12,0.75,2.466
2025-06-12,1.0,2.45
2025-06-12,1.5,2.536
2025-06-12,2.0,2.577
2025-06-12,2.5,2.651
2025-06-12,3.0,2.68
2025-06-12,4.0,2.694
2025-06-12,5.0,2.761
2025-06-12,7.0,2.881
2025-06-12,10.0,3.024
2025-06-12,15.0,3.022
2025-06-12,20.0,2.994
2025-06-12,30.0,2.935
2025-06-13,0.25,2.539
2025-06-13,0.5,2.514
2025-06-13,0.75,2.465
2025-06-13,1.0,2.453
2025-06-13,1.5,2.569
2025-06-13,2.0,2.617
2025-06-13,2.5,2.693
2025-06-13,3.0,2.712
2025-06-13,4.0,2.725
2025-06-13,5.0,2.788
2025-06-13,7.0,2.881
2025-06-13,10.0,3.045
2025-06-13,15.0,3.008
2025-06-13,20.0,2.958
2025-06-13,30.0,2.905
2025-06-16,0.25,2.533
2025-06-16,0.5,2.506
2025-06-16,0.75,2.451
2025-06-16,1.0,2.458
2025-06-16,1.5,2.595
2025-06-16,2.0,2.626
2025-06-16,2.5,2.713
2025-06-16,3.0,2.726
2025-06-16,4.0,2.742
2025-06-16,5.0,2.813
2025-06-16,7.0,2.891
2025-06-16,10.0,3.069
2025-06-16,15.0,3.032
2025-06-16,20.0,2.99
2025-06-16,30.0,2.943
2025-06-17,0.25,2.528
2025-06-17,0.5,2.505
2025-06-17,0.75,2.456
2025-06-17,1.0,2.459
2025-06-17,1.5,2.577
2025-06-17,2.0,2.597
2025-06-17,2.5,2.657
2025-06-17,3.0,2.685
2025-06-17,4.0,2.698
2025-06-17,5.0,2.795
2025-06-17,7.0,2.889
2025-06-17,10.0,3.064
2025-06-17,15.0,3.025
2025-06-17,20.0,2.985
2025-06-17,30.0,2.927
2025-06-18,0.25,2.525
2025-06-18,0.5,2.502
2025-06-18,0.75,2.455
2025-06-18,1.0,2.45
2025-06-18,1.5,2.597
2025-06-18,2.0,2.616
2025-06-18,2.5,2.682
2025-06-18,3.0,2.709
2025-06-18,4.0,2.732
2025-06-18,5.0,2.82
2025-06-18,7.0,2.903
2025-06-18,10.0,3.072
2025-06-18,15.0,3.031
2025-06-18,20.0,2.99
2025-06-18,30.0,2.919
2025-06-19,0.25,2.523
2025-06-19,0.5,2.505
2025-06-19,0.75,2.461
2025-06-19,1.0,2.458
2025-06-19,1.5,2.607
2025-06-19,2.0,2.626
2025-06-19,2.5,2.688
2025-06-19,3.0,2.716
2025-06-19,4.0,2.741
2025-06-19,5.0,2.822
2025-06-19,7.0,2.901
2025-06-19,10.0,3.074
2025-06-19,15.0,3.032
2025-06-19,20.0,3.0
2025-06-19,30.0,2.934
2025-06-20,0.25,2.525
2025-06-20,0.5,2.501
2025-06-20,0.75,2.458
2025-06-20,1.0,2.453
2025-06-20,1.5,2.589
2025-06-20,2.0,2.601
2025-06-20,2.5,2.658
2025-06-20,3.0,2.696
2025-06-20,4.0,2.727
2025-06-20,5.0,2.812
2025-06-20,7.0,2.879
2025-06-20,10.0,3.051
2025-06-20,15.0,3.019
2025-06-20,20.0,2.995
2025-06-20,30.0,2.935
2025-06-23,0.25,2.529
2025-06-23,0.5,2.51
2025-06-23,0.75,2.471
2025-06-23,1.0,2.471
2025-06-23,1.5,2.61
2025-06-23,2.0,2.641
2025-06-23,2.5,2.692
2025-06-23,3.0,2.732
2025-06-23,4.0,2.757
2025-06-23,5.0,2.839
2025-06-23,7.0,2.89
2025-06-23,10.0,3.061
2025-06-23,15.0,3.035
2025-06-23,20.0,3.023
2025-06-23,30.0,2.956
2025-06-24,0.25,2.517
2025-06-24,0.5,2.504
2025-06-24,0.75,2.461
2025-06-24,1.0,2.466
2025-06-24,1.5,2.587
2025-06-24,2.0,2.605
2025-06-24,2.5,2.652
2025-06-24,3.0,2.696
2025-06-24,4.0,2.718
2025-06-24,5.0,2.788
2025-06-24,7.0,2.845
2025-06-24,10.0,3.014
2025-06-24,15.0,2.996
2025-06-24,20.0,2.988
2025-06-24,30.0,2.93
2025-06-25,0.25,2.512
2025-06-25,0.5,2.502
2025-06-25,0.75,2.462
2025-06-25,1.0,2.469
2025-06-25,1.5,2.591
2025-06-25,2.0,2.606
2025-06-25,2.5,2.655
2025-06-25,3.0,2.699
2025-06-25,4.0,2.718
2025-06-25,5.0,2.793
2025-06-25,7.0,2.849
2025-06-25,10.0,3.014
2025-06-25,15.0,2.995
2025-06-25,20.0,2.983
2025-06-25,30.0,2.923
2025-06-26,0.25,2.509
2025-06-26,0.5,2.501
2025-06-26,0.75,2.47
2025-06-26,1.0,2.469
2025-06-26,1.5,2.58
2025-06-26,2.0,2.591
2025-06-26,2.5,2.635
2025-06-26,3.0,2.679
2025-06-26,4.0,2.686
2025-06-26,5.0,2.756
2025-06-26,7.0,2.815
2025-06-26,10.0,2.97
2025-06-26,15.0,2.95
2025-06-26,20.0,2.938
2025-06-26,30.0,2.874
2025-06-27,0.25,2.516
2025-06-27,0.5,2.507
2025-06-27,0.75,2.47
2025-06-27,1.0,2.478
2025-06-27,1.5,2.585
2025-06-27,2.0,2.585
2025-06-27,2.5,2.635
2025-06-27,3.0,2.681
2025-06-27,4.0,2.682
2025-06-27,5.0,2.762
2025-06-27,7.0,2.827
2025-06-27,10.0,2.981
2025-06-27,15.0,2.983
2025-06-27,20.0,2.976
2025-06-27,30.0,2.922
2025-06-30,0.25,2.516
2025-06-30,0.5,2.511
2025-06-30,0.75,2.473
2025-06-30,1.0,2.469
2025-06-30,1.5,2.569
2025-06-30,2.0,2.582
2025-06-30,2.5,2.628
2025-06-30,3.0,2.681
2025-06-30,4.0,2.683
2025-06-30,5.0,2.764
2025-06-30,7.0,2.847
2025-06-30,10.0,3.003
2025-06-30,15.0,3.005
2025-06-30,20.0,2.998
2025-06-30,30.0,2.942
2025-07-01,0.25,2.517
2025-07-01,0.5,2.512
2025-07-01,0.75,2.464
2025-07-01,1.0,2.459
2025-07-01,1.5,2.547
2025-07-01,2.0,2.575
2025-07-01,2.5,2.622
2025-07-01,3.0,2.674
2025-07-01,4.0,2.669
2025-07-01,5.0,2.749
2025-07-01,7.0,2.831
2025-07-01,10.0,2.981
2025-07-01,15.0,2.967
2025-07-01,20.0,2.946
2025-07-01,30.0,2.887
2025-07-02,0.25,2.514
2025-07-02,0.5,2.511
2025-07-02,0.75,2.461
2025-07-02,1.0,2.453
2025-07-02,1.5,2.558
2025-07-02,2.0,2.598
2025-07-02,2.5,2.659
2025-07-02,3.0,2.705
2025-07-02,4.0,2.714
2025-07-02,5.0,2.797
2025-07-02,7.0,2.875
2025-07-02,10.0,3.031
2025-07-02,15.0,3.014
2025-07-02,20.0,2.988
2025-07-02,30.0,2.916
2025-07-03,0.25,2.513
2025-07-03,0.5,2.498
2025-07-03,0.75,2.456
2025-07-03,1.0,2.443
2025-07-03,1.5,2.528
2025-07-03,2.0,2.575
2025-07-03,2.5,2.625
2025-07-03,3.0,2.657
2025-07-03,4.0,2.677
2025-07-03,5.0,2.76
2025-07-03,7.0,2.85
2025-07-03,10.0,3.007
2025-07-03,15.0,2.992
2025-07-03,20.0,2.969
2025-07-03,30.0,2.904
2025-07-04,0.25,2.525
2025-07-04,0.5,2.506
2025-07-04,0.75,2.467
2025-07-04,1.0,2.45
2025-07-04,1.5,2.538
2025-07-04,2.0,2.586
2025-07-04,2.5,2.65
2025-07-04,3.0,2.683
2025-07-04,4.0,2.71
2025-07-04,5.0,2.793
2025-07-04,7.0,2.875
2025-07-04,10.0,3.03
2025-07-04,15.0,3.015
2025-07-04,20.0,2.992
2025-07-04,30.0,2.924
2025-07-07,0.25,2.515
2025-07-07,0.5,2.497
2025-07-07,0.75,2.463
2025-07-07,1.0,2.443
2025-07-07,1.5,2.533
2025-07-07,2.0,2.586
2025-07-07,2.5,2.651
2025-07-07,3.0,2.688
2025-07-07,4.0,2.716
2025-07-07,5.0,2.798
2025-07-07,7.0,2.882
2025-07-07,10.0,3.033
2025-07-07,15.0,3.026
2025-07-07,20.0,3.008
2025-07-07,30.0,2.942
2025-07-08,0.25,2.514
2025-07-08,0.5,2.498
2025-07-08,0.75,2.461
2025-07-08,1.0,2.438
2025-07-08,1.5,2.518
2025-07-08,2.0,2.583
2025-07-08,2.5,2.636
2025-07-08,3.0,2.678
2025-07-08,4.0,2.71
2025-07-08,5.0,2.794
2025-07-08,7.0,2.887
2025-07-08,10.0,3.044
2025-07-08,15.0,3.031
2025-07-08,20.0,3.008
2025-07-08,30.0,2.939
2025-07-09,0.25,2.511
2025-07-09,0.5,2.498
2025-07-09,0.75,2.462
2025-07-09,1.0,2.434
2025-07-09,1.5,2.501
2025-07-09,2.0,2.57
2025-07-09,2.5,2.619
2025-07-09,3.0,2.666
2025-07-09,4.0,2.7
2025-07-09,5.0,2.785
2025-07-09,7.0,2.887
2025-07-09,10.0,3.039
2025-07-09,15.0,3.025
2025-07-09,20.0,3.002
2025-07-09,30.0,2.931
2025-07-10,0.25,2.513
2025-07-10,0.5,2.5
2025-07-10,0.75,2.462
2025-07-10,1.0,2.43
2025-07-10,1.5,2.473
2025-07-10,2.0,2.538
2025-07-10,2.5,2.575
2025-07-10,3.0,2.613
2025-07-10,4.0,2.653
2025-07-10,5.0,2.74
2025-07-10,7.0,2.844
2025-07-10,10.0,2.998
2025-07-10,15.0,2.992
2025-07-10,20.0,2.973
2025-07-10,30.0,2.911
2025-07-11,0.25,2.519
2025-07-11,0.5,2.508
2025-07-11,0.75,2.471
2025-07-11,1.0,2.443
2025-07-11,1.5,2.48
2025-07-11,2.0,2.536
2025-07-11,2.5,2.58
2025-07-11,3.0,2.628
2025-07-11,4.0,2.658
2025-07-11,5.0,2.747
2025-07-11,7.0,2.853
2025-07-11,10.0,3.017
2025-07-11,15.0,2.996
2025-07-11,20.0,2.971
2025-07-11,30.0,2.904
2025-07-14,0.25,2.521
2025-07-14,0.5,2.509
2025-07-14,0.75,2.481
2025-07-14,1.0,2.463
2025-07-14,1.5,2.501
2025-07-14,2.0,2.553
2025-07-14,2.5,2.605
2025-07-14,3.0,2.655
2025-07-14,4.0,2.688
2025-07-14,5.0,2.792
2025-07-14,7.0,2.906
2025-07-14,10.0,3.071
2025-07-14,15.0,3.053
2025-07-14,20.0,3.022
2025-07-14,30.0,2.949
2025-07-15,0.25,2.516
2025-07-15,0.5,2.508
2025-07-15,0.75,2.482
2025-07-15,1.0,2.465
2025-07-15,1.5,2.493
2025-07-15,2.0,2.545
2025-07-15,2.5,2.587
2025-07-15,3.0,2.636
2025-07-15,4.0,2.674
2025-07-15,5.0,2.785
2025-07-15,7.0,2.896
2025-07-15,10.0,3.063
2025-07-15,15.0,3.045
2025-07-15,20.0,3.011
2025-07-15,30.0,2.934
2025-07-16,0.25,2.514
2025-07-16,0.5,2.507
2025-07-16,0.75,2.485
2025-07-16,1.0,2.466
2025-07-16,1.5,2.496
2025-07-16,2.0,2.547
2025-07-16,2.5,2.582
2025-07-16,3.0,2.628
2025-07-16,4.0,2.667
2025-07-16,5.0,2.777
2025-07-16,7.0,2.887
2025-07-16,10.0,3.054
2025-07-16,15.0,3.042
2025-07-16,20.0,3.013
2025-07-16,30.0,2.942
2025-07-17,0.25,2.513
2025-07-17,0.5,2.506
2025-07-17,0.75,2.489
2025-07-17,1.0,2.472
2025-07-17,1.5,2.509
2025-07-17,2.0,2.573
2025-07-17,2.5,2.609
2025-07-17,3.0,2.657
2025-07-17,4.0,2.692
2025-07-17,5.0,2.808
2025-07-17,7.0,2.926
2025-07-17,10.0,3.089
2025-07-17,15.0,3.083
2025-07-17,20.0,3.045
2025-07-17,30.0,2.974
2025-07-18,0.25,2.505
2025-07-18,0.5,2.505
2025-07-18,0.75,2.493
2025-07-18,1.0,2.479
2025-07-18,1.5,2.503
2025-07-18,2.0,2.56
2025-07-18,2.5,2.596
2025-07-18,3.0,2.647
2025-07-18,4.0,2.673
2025-07-18,5.0,2.784
2025-07-18,7.0,2.898
2025-07-18,10.0,3.053
2025-07-18,15.0,3.05
2025-07-18,20.0,3.028
2025-07-18,30.0,2.954
2025-07-21,0.25,2.509
2025-07-21,0.5,2.508
2025-07-21,0.75,2.5
2025-07-21,1.0,2.481
2025-07-21,1.5,2.495
2025-07-21,2.0,2.543
2025-07-21,2.5,2.572
2025-07-21,3.0,2.629
2025-07-21,4.0,2.66
2025-07-21,5.0,2.764
2025-07-21,7.0,2.873
2025-07-21,10.0,3.033
2025-07-21,15.0,3.033
2025-07-21,20.0,3.016
2025-07-21,30.0,2.942
2025-07-22,0.25,2.506
2025-07-22,0.5,2.511
2025-07-22,0.75,2.5
2025-07-22,1.0,2.472
2025-07-22,1.5,2.498
2025-07-22,2.0,2.547
2025-07-22,2.5,2.57
2025-07-22,3.0,2.634
2025-07-22,4.0,2.649
2025-07-22,5.0,2.759
2025-07-22,7.0,2.853
2025-07-22,10.0,3.015
2025-07-22,15.0,3.012
2025-07-22,20.0,2.991
2025-07-22,30.0,2.927
2025-07-23,0.25,2.498
2025-07-23,0.5,2.514
2025-07-23,0.75,2.501
2025-07-23,1.0,2.473
2025-07-23,1.5,2.496
2025-07-23,2.0,2.546
2025-07-23,2.5,2.558
2025-07-23,3.0,2.624
2025-07-23,4.0,2.642
2025-07-23,5.0,2.748
2025-07-23,7.0,2.849
2025-07-23,10.0,3.007
2025-07-23,15.0,3.013
2025-07-23,20.0,2.991
2025-07-23,30.0,2.927
2025-07-24,0.25,2.501
2025-07-24,0.5,2.515
2025-07-24,0.75,2.505
2025-07-24,1.0,2.484
2025-07-24,1.5,2.509
2025-07-24,2.0,2.554
2025-07-24,2.5,2.568
2025-07-24,3.0,2.642
2025-07-24,4.0,2.657
2025-07-24,5.0,2.763
2025-07-24,7.0,2.868
2025-07-24,10.0,3.032
2025-07-24,15.0,3.033
2025-07-24,20.0,3.009
2025-07-24,30.0,2.944
2025-07-25,0.25,2.503
2025-07-25,0.5,2.517
2025-07-25,0.75,2.51
2025-07-25,1.0,2.492
2025-07-25,1.5,2.512
2025-07-25,2.0,2.559
2025-07-25,2.5,2.583
2025-07-25,3.0,2.654
2025-07-25,4.0,2.664
2025-07-25,5.0,2.771
2025-07-25,7.0,2.872
2025-07-25,10.0,3.036
2025-07-25,15.0,3.033
2025-07-25,20.0,3.005
2025-07-25,30.0,2.939
2025-07-28,0.25,2.499
2025-07-28,0.5,2.512
2025-07-28,0.75,2.505
2025-07-28,1.0,2.475
2025-07-28,1.5,2.496
2025-07-28,2.0,2.537
2025-07-28,2.5,2.563
2025-07-28,3.0,2.632
2025-07-28,4.0,2.636
2025-07-28,5.0,2.746
2025-07-28,7.0,2.849
2025-07-28,10.0,3.006
2025-07-28,15.0,3.01
2025-07-28,20.0,2.991
2025-07-28,30.0,2.925
2025-07-29,0.25,2.5
2025-07-29,0.5,2.511
2025-07-29,0.75,2.502
2025-07-29,1.0,2.459
2025-07-29,1.5,2.485
2025-07-29,2.0,2.53
2025-07-29,2.5,2.559
2025-07-29,3.0,2.63
2025-07-29,4.0,2.636
2025-07-29,5.0,2.743
2025-07-29,7.0,2.844
2025-07-29,10.0,2.997
2025-07-29,15.0,3.009
2025-07-29,20.0,2.994
2025-07-29,30.0,2.925
2025-07-30,0.25,2.501
2025-07-30,0.5,2.512
2025-07-30,0.75,2.505
2025-07-30,1.0,2.456
2025-07-30,1.5,2.494
2025-07-30,2.0,2.537
2025-07-30,2.5,2.568
2025-07-30,3.0,2.634
2025-07-30,4.0,2.65
2025-07-30,5.0,2.737
2025-07-30,7.0,2.835
2025-07-30,10.0,2.981
2025-07-30,15.0,2.994
2025-07-30,20.0,2.98
2025-07-30,30.0,2.907
2025-07-31,0.25,2.501
2025-07-31,0.5,2.519
2025-07-31,0.75,2.516
2025-07-31,1.0,2.458
2025-07-31,1.5,2.497
2025-07-31,2.0,2.542
2025-07-31,2.5,2.576
2025-07-31,3.0,2.636
2025-07-31,4.0,2.652
2025-07-31,5.0,2.734
2025-07-31,7.0,2.834
2025-07-31,10.0,2.978
2025-07-31,15.0,2.988
2025-07-31,20.0,2.976
2025-07-31,30.0,2.902
2025-08-01,0.25,2.499
2025-08-01,0.5,2.522
2025-08-01,0.75,2.521
2025-08-01,1.0,2.458
2025-08-01,1.5,2.511
2025-08-01,2.0,2.562
2025-08-01,2.5,2.592
2025-08-01,3.0,2.654
2025-08-01,4.0,2.673
2025-08-01,5.0,2.768
2025-08-01,7.0,2.873
2025-08-01,10.0,3.023
2025-08-01,15.0,3.033
2025-08-01,20.0,3.016
2025-08-01,30.0,2.944
2025-08-04,0.25,2.495
2025-08-04,0.5,2.519
2025-08-04,0.75,2.517
2025-08-04,1.0,2.448
2025-08-04,1.5,2.479
2025-08-04,2.0,2.517
2025-08-04,2.5,2.535
2025-08-04,3.0,2.601
2025-08-04,4.0,2.614
2025-08-04,5.0,2.707
2025-08-04,7.0,2.815
2025-08-04,10.0,2.963
2025-08-04,15.0,2.978
2025-08-04,20.0,2.966
2025-08-04,30.0,2.9
2025-08-05,0.25,2.494
2025-08-05,0.5,2.516
2025-08-05,0.75,2.515
2025-08-05,1.0,2.444
2025-08-05,1.5,2.479
2025-08-05,2.0,2.524
2025-08-05,2.5,2.534
2025-08-05,3.0,2.606
2025-08-05,4.0,2.613
2025-08-05,5.0,2.701
2025-08-05,7.0,2.804
2025-08-05,10.0,2.953
2025-08-05,15.0,2.965
2025-08-05,20.0,2.953
2025-08-05,30.0,2.887
2025-08-06,0.25,2.495
2025-08-06,0.5,2.514
2025-08-06,0.75,2.515
2025-08-06,1.0,2.445
2025-08-06,1.5,2.479
2025-08-06,2.0,2.53
2025-08-06,2.5,2.536
2025-08-06,3.0,2.606
2025-08-06,4.0,2.615
2025-08-06,5.0,2.709
2025-08-06,7.0,2.811
2025-08-06,10.0,2.968
2025-08-06,15.0,2.983
2025-08-06,20.0,2.971
2025-08-06,30.0,2.907
2025-08-07,0.25,2.504
2025-08-07,0.5,2.521
2025-08-07,0.75,2.513
2025-08-07,1.0,2.441
2025-08-07,1.5,2.47
2025-08-07,2.0,2.515
2025-08-07,2.5,2.516
2025-08-07,3.0,2.581
2025-08-07,4.0,2.59
2025-08-07,5.0,2.684
2025-08-07,7.0,2.79
2025-08-07,10.0,2.95
2025-08-07,15.0,2.963
2025-08-07,20.0,2.949
2025-08-07,30.0,2.887
2025-08-08,0.25,2.501
2025-08-08,0.5,2.518
2025-08-08,0.75,2.509
2025-08-08,1.0,2.436
2025-08-08,1.5,2.483
2025-08-08,2.0,2.524
2025-08-08,2.5,2.523
2025-08-08,3.0,2.585
2025-08-08,4.0,2.6
2025-08-08,5.0,2.691
2025-08-08,7.0,2.8
2025-08-08,10.0,2.963
2025-08-08,15.0,2.969
2025-08-08,20.0,2.953
2025-08-08,30.0,2.887
2025-08-11,0.25,2.5
2025-08-11,0.5,2.518
2025-08-11,0.75,2.508
2025-08-11,1.0,2.435
2025-08-11,1.5,2.494
2025-08-11,2.0,2.531
2025-08-11,2.5,2.534
2025-08-11,3.0,2.6
2025-08-11,4.0,2.611
2025-08-11,5.0,2.706
2025-08-11,7.0,2.812
2025-08-11,10.0,2.976
2025-08-11,15.0,2.98
2025-08-11,20.0,2.96
2025-08-11,30.0,2.887
2025-08-12,0.25,2.491
2025-08-12,0.5,2.515
2025-08-12,0.75,2.505
2025-08-12,1.0,2.433
2025-08-12,1.5,2.505
2025-08-12,2.0,2.536
2025-08-12,2.5,2.541
2025-08-12,3.0,2.611
2025-08-12,4.0,2.627
2025-08-12,5.0,2.719
2025-08-12,7.0,2.827
2025-08-12,10.0,2.991
2025-08-12,15.0,2.994
2025-08-12,20.0,2.984
2025-08-12,30.0,2.912
2025-08-13,0.25,2.49
2025-08-13,0.5,2.515
2025-08-13,0.75,2.505
2025-08-13,1.0,2.435
2025-08-13,1.5,2.502
2025-08-13,2.0,2.523
2025-08-13,2.5,2.523
2025-08-13,3.0,2.593
2025-08-13,4.0,2.609
2025-08-13,5.0,2.705
2025-08-13,7.0,2.823
2025-08-13,10.0,2.991
2025-08-13,15.0,2.998
2025-08-13,20.0,2.99
2025-08-13,30.0,2.927
2025-08-14,0.25,2.488
2025-08-14,0.5,2.515
2025-08-14,0.75,2.504
2025-08-14,1.0,2.431
2025-08-14,1.5,2.506
2025-08-14,2.0,2.515
2025-08-14,2.5,2.507
2025-08-14,3.0,2.575
2025-08-14,4.0,2.596
2025-08-14,5.0,2.687
2025-08-14,7.0,2.806
2025-08-14,10.0,2.973
2025-08-14,15.0,2.983
2025-08-14,20.0,2.982
2025-08-14,30.0,2.91
2025-08-18,0.25,2.485
2025-08-18,0.5,2.51
2025-08-18,0.75,2.495
2025-08-18,1.0,2.429
2025-08-18,1.5,2.524
2025-08-18,2.0,2.54
2025-08-18,2.5,2.538
2025-08-18,3.0,2.605
2025-08-18,4.0,2.634
2025-08-18,5.0,2.73
2025-08-18,7.0,2.853
2025-08-18,10.0,3.026
2025-08-18,15.0,3.03
2025-08-18,20.0,3.025
2025-08-18,30.0,2.945
2025-08-19,0.25,2.485
2025-08-19,0.5,2.509
2025-08-19,0.75,2.496
2025-08-19,1.0,2.428
2025-08-19,1.5,2.526
2025-08-19,2.0,2.546
2025-08-19,2.5,2.555
2025-08-19,3.0,2.624
2025-08-19,4.0,2.646
2025-08-19,5.0,2.75
2025-08-19,7.0,2.873
2025-08-19,10.0,3.048
2025-08-19,15.0,3.049
2025-08-19,20.0,3.035
2025-08-19,30.0,2.957
2025-08-20,0.25,2.483
2025-08-20,0.5,2.507
2025-08-20,0.75,2.491
2025-08-20,1.0,2.421
2025-08-20,1.5,2.517
2025-08-20,2.0,2.537
2025-08-20,2.5,2.553
2025-08-20,3.0,2.619
2025-08-20,4.0,2.639
2025-08-20,5.0,2.745
2025-08-20,7.0,2.865
2025-08-20,10.0,3.038
2025-08-20,15.0,3.042
2025-08-20,20.0,3.025
2025-08-20,30.0,2.945
2025-08-21,0.25,2.482
2025-08-21,0.5,2.508
2025-08-21,0.75,2.493
2025-08-21,1.0,2.422
2025-08-21,1.5,2.514
2025-08-21,2.0,2.536
2025-08-21,2.5,2.553
2025-08-21,3.0,2.619
2025-08-21,4.0,2.635
2025-08-21,5.0,2.741
2025-08-21,7.0,2.861
2025-08-21,10.0,3.034
2025-08-21,15.0,3.038
2025-08-21,20.0,3.015
2025-08-21,30.0,2.94
2025-08-22,0.25,2.48
2025-08-22,0.5,2.505
2025-08-22,0.75,2.493
2025-08-22,1.0,2.422
2025-08-22,1.5,2.514
2025-08-22,2.0,2.541
2025-08-22,2.5,2.568
2025-08-22,3.0,2.637
2025-08-22,4.0,2.655
2025-08-22,5.0,2.767
2025-08-22,7.0,2.88
2025-08-22,10.0,3.052
2025-08-22,15.0,3.054
2025-08-22,20.0,3.032
2025-08-22,30.0,2.955
2025-08-25,0.25,2.479
2025-08-25,0.5,2.505
2025-08-25,0.75,2.49
2025-08-25,1.0,2.416
2025-08-25,1.5,2.494
2025-08-25,2.0,2.526
2025-08-25,2.5,2.552
2025-08-25,3.0,2.618
2025-08-25,4.0,2.635
2025-08-25,5.0,2.741
2025-08-25,7.0,2.865
2025-08-25,10.0,3.043
2025-08-25,15.0,3.052
2025-08-25,20.0,3.031
2025-08-25,30.0,2.961
2025-08-26,0.25,2.476
2025-08-26,0.5,2.504
2025-08-26,0.75,2.493
2025-08-26,1.0,2.414
2025-08-26,1.5,2.483
2025-08-26,2.0,2.513
2025-08-26,2.5,2.536
2025-08-26,3.0,2.601
2025-08-26,4.0,2.625
2025-08-26,5.0,2.733
2025-08-26,7.0,2.865
2025-08-26,10.0,3.046
2025-08-26,15.0,3.062
2025-08-26,20.0,3.047
2025-08-26,30.0,2.978
2025-08-27,0.25,2.474
2025-08-27,0.5,2.505
2025-08-27,0.75,2.495
2025-08-27,1.0,2.426
2025-08-27,1.5,2.479
2025-08-27,2.0,2.505
2025-08-27,2.5,2.521
2025-08-27,3.0,2.582
2025-08-27,4.0,2.599
2025-08-27,5.0,2.707
2025-08-27,7.0,2.836
2025-08-27,10.0,3.012
2025-08-27,15.0,3.036
2025-08-27,20.0,3.024
2025-08-27,30.0,2.952
2025-08-28,0.25,2.472
2025-08-28,0.5,2.505
2025-08-28,0.75,2.496
2025-08-28,1.0,2.426
2025-08-28,1.5,2.481
2025-08-28,2.0,2.514
2025-08-28,2.5,2.539
2025-08-28,3.0,2.597
2025-08-28,4.0,2.609
2025-08-28,5.0,2.717
2025-08-28,7.0,2.837
2025-08-28,10.0,3.004
2025-08-28,15.0,3.034
2025-08-28,20.0,3.032
2025-08-28,30.0,2.962
2025-08-29,0.25,2.472
2025-08-29,0.5,2.504
2025-08-29,0.75,2.496
2025-08-29,1.0,2.433
2025-08-29,1.5,2.479
2025-08-29,2.0,2.523
2025-08-29,2.5,2.55
2025-08-29,3.0,2.609
2025-08-29,4.0,2.614
2025-08-29,5.0,2.723
2025-08-29,7.0,2.84
2025-08-29,10.0,3.002
2025-08-29,15.0,3.03
2025-08-29,20.0,3.019
2025-08-29,30.0,2.949
2025-09-01,0.25,2.473
2025-09-01,0.5,2.51
2025-09-01,0.75,2.502
2025-09-01,1.0,2.437
2025-09-01,1.5,2.479
2025-09-01,2.0,2.528
2025-09-01,2.5,2.554
2025-09-01,3.0,2.613
2025-09-01,4.0,2.621
2025-09-01,5.0,2.738
2025-09-01,7.0,2.86
2025-09-01,10.0,3.036
2025-09-01,15.0,3.059
2025-09-01,20.0,3.046
2025-09-01,30.0,2.972
2025-09-02,0.25,2.475
2025-09-02,0.5,2.51
2025-09-02,0.75,2.505
2025-09-02,1.0,2.437
2025-09-02,1.5,2.482
2025-09-02,2.0,2.535
2025-09-02,2.5,2.567
2025-09-02,3.0,2.629
2025-09-02,4.0,2.639
2025-09-02,5.0,2.759
2025-09-02,7.0,2.883
2025-09-02,10.0,3.061
2025-09-02,15.0,3.082
2025-09-02,20.0,3.066
2025-09-02,30.0,2.987
2025-09-03,0.25,2.475
2025-09-03,0.5,2.51
2025-09-03,0.75,2.51
2025-09-03,1.0,2.445
2025-09-03,1.5,2.5
2025-09-03,2.0,2.556
2025-09-03,2.5,2.592
2025-09-03,3.0,2.651
2025-09-03,4.0,2.664
2025-09-03,5.0,2.801
2025-09-03,7.0,2.914
2025-09-03,10.0,3.1
2025-09-03,15.0,3.112
2025-09-03,20.0,3.097
2025-09-03,30.0,3.014
2025-09-04,0.25,2.479
2025-09-04,0.5,2.513
2025-09-04,0.75,2.52
2025-09-04,1.0,2.456
2025-09-04,1.5,2.501
2025-09-04,2.0,2.56
2025-09-04,2.5,2.592
2025-09-04,3.0,2.652
2025-09-04,4.0,2.659
2025-09-04,5.0,2.786
2025-09-04,7.0,2.893
2025-09-04,10.0,3.069
2025-09-04,15.0,3.083
2025-09-04,20.0,3.069
2025-09-04,30.0,2.987
2025-09-05,0.25,2.486
2025-09-05,0.5,2.521
2025-09-05,0.75,2.528
2025-09-05,1.0,2.46
2025-09-05,1.5,2.503
2025-09-05,2.0,2.564
2025-09-05,2.5,2.589
2025-09-05,3.0,2.647
2025-09-05,4.0,2.65
2025-09-05,5.0,2.776
2025-09-05,7.0,2.882
2025-09-05,10.0,3.056
2025-09-05,15.0,3.072
2025-09-05,20.0,3.058
2025-09-05,30.0,2.981
2025-09-08,0.25,2.49
2025-09-08,0.5,2.526
2025-09-08,0.75,2.532
2025-09-08,1.0,2.462
2025-09-08,1.5,2.507
2025-09-08,2.0,2.566
2025-09-08,2.5,2.584
2025-09-08,3.0,2.634
2025-09-08,4.0,2.638
2025-09-08,5.0,2.763
2025-09-08,7.0,2.868
2025-09-08,10.0,3.046
2025-09-08,15.0,3.062
2025-09-08,20.0,3.048
2025-09-08,30.0,2.973
2025-09-09,0.25,2.492
2025-09-09,0.5,2.527
2025-09-09,0.75,2.535
2025-09-09,1.0,2.466
2025-09-09,1.5,2.504
2025-09-09,2.0,2.556
2025-09-09,2.5,2.564
2025-09-09,3.0,2.608
2025-09-09,4.0,2.62
2025-09-09,5.0,2.737
2025-09-09,7.0,2.845
2025-09-09,10.0,3.016
2025-09-09,15.0,3.035
2025-09-09,20.0,3.023
2025-09-09,30.0,2.946
2025-09-10,0.25,2.494
2025-09-10,0.5,2.533
2025-09-10,0.75,2.534
2025-09-10,1.0,2.466
2025-09-10,1.5,2.502
2025-09-10,2.0,2.556
2025-09-10,2.5,2.571
2025-09-10,3.0,2.61
2025-09-10,4.0,2.623
2025-09-10,5.0,2.736
2025-09-10,7.0,2.85
2025-09-10,10.0,3.019
2025-09-10,15.0,3.029
2025-09-10,20.0,3.022
2025-09-10,30.0,2.943
2025-09-11,0.25,2.497
2025-09-11,0.5,2.535
2025-09-11,0.75,2.536
2025-09-11,1.0,2.468
2025-09-11,1.5,2.495
2025-09-11,2.0,2.546
2025-09-11,2.5,2.565
2025-09-11,3.0,2.603
2025-09-11,4.0,2.613
2025-09-11,5.0,2.729
2025-09-11,7.0,2.833
2025-09-11,10.0,3.001
2025-09-11,15.0,3.013
2025-09-11,20.0,3.011
2025-09-11,30.0,2.929
2025-09-12,0.25,2.501
2025-09-12,0.5,2.537
2025-09-12,0.75,2.539
2025-09-12,1.0,2.471
2025-09-12,1.5,2.506
2025-09-12,2.0,2.559
2025-09-12,2.5,2.581
2025-09-12,3.0,2.619
2025-09-12,4.0,2.626
2025-09-12,5.0,2.742
2025-09-12,7.0,2.833
2025-09-12,10.0,3.004
2025-09-12,15.0,3.017
2025-09-12,20.0,3.012
2025-09-12,30.0,2.924
2025-09-15,0.25,2.5
2025-09-15,0.5,2.537
2025-09-15,0.75,2.539
2025-09-15,1.0,2.471
2025-09-15,1.5,2.524
2025-09-15,2.0,2.567
2025-09-15,2.5,2.588
2025-09-15,3.0,2.631
2025-09-15,4.0,2.638
2025-09-15,5.0,2.759
2025-09-15,7.0,2.839
2025-09-15,10.0,3.009
2025-09-15,15.0,3.02
2025-09-15,20.0,3.018
2025-09-15,30.0,2.922
2025-09-16,0.25,2.504
2025-09-16,0.5,2.536
2025-09-16,0.75,2.541
2025-09-16,1.0,2.473
2025-09-16,1.5,2.517
2025-09-16,2.0,2.54
2025-09-16,2.5,2.559
2025-09-16,3.0,2.605
2025-09-16,4.0,2.617
2025-09-16,5.0,2.737
2025-09-16,7.0,2.815
2025-09-16,10.0,2.986
2025-09-16,15.0,3.002
2025-09-16,20.0,3.002
2025-09-16,30.0,2.894
2025-09-17,0.25,2.501
2025-09-17,0.5,2.534
2025-09-17,0.75,2.542
2025-09-17,1.0,2.476
2025-09-17,1.5,2.524
2025-09-17,2.0,2.543
2025-09-17,2.5,2.558
2025-09-17,3.0,2.604
2025-09-17,4.0,2.617
2025-09-17,5.0,2.736
2025-09-17,7.0,2.796
2025-09-17,10.0,2.964
2025-09-17,15.0,2.984
2025-09-17,20.0,2.986
2025-09-17,30.0,2.887
2025-09-18,0.25,2.504
2025-09-18,0.5,2.535
2025-09-18,0.75,2.546
2025-09-18,1.0,2.478
2025-09-18,1.5,2.519
2025-09-18,2.0,2.538
2025-09-18,2.5,2.548
2025-09-18,3.0,2.594
2025-09-18,4.0,2.607
2025-09-18,5.0,2.729
2025-09-18,7.0,2.78
2025-09-18,10.0,2.94
2025-09-18,15.0,2.961
2025-09-18,20.0,2.962
2025-09-18,30.0,2.851
2025-09-19,0.25,2.515
2025-09-19,0.5,2.55
2025-09-19,0.75,2.555
2025-09-19,1.0,2.491
2025-09-19,1.5,2.538
2025-09-19,2.0,2.562
2025-09-19,2.5,2.578
2025-09-19,3.0,2.627
2025-09-19,4.0,2.641
2025-09-19,5.0,2.763
2025-09-19,7.0,2.834
2025-09-19,10.0,3.001
2025-09-19,15.0,3.009
2025-09-19,20.0,2.998
2025-09-19,30.0,2.888
2025-09-22,0.25,2.515
2025-09-22,0.5,2.553
2025-09-22,0.75,2.559
2025-09-22,1.0,2.5
2025-09-22,1.5,2.557
2025-09-22,2.0,2.58
2025-09-22,2.5,2.598
2025-09-22,3.0,2.647
2025-09-22,4.0,2.659
2025-09-22,5.0,2.783
2025-09-22,7.0,2.85
2025-09-22,10.0,3.019
2025-09-22,15.0,3.024
2025-09-22,20.0,3.01
2025-09-22,30.0,2.901
2025-09-23,0.25,2.516
2025-09-23,0.5,2.554
2025-09-23,0.75,2.56
2025-09-23,1.0,2.505
2025-09-23,1.5,2.558
2025-09-23,2.0,2.587
2025-09-23,2.5,2.602
2025-09-23,3.0,2.649
2025-09-23,4.0,2.659
2025-09-23,5.0,2.779
2025-09-23,7.0,2.844
2025-09-23,10.0,2.997
2025-09-23,15.0,3.018
2025-09-23,20.0,2.999
2025-09-23,30.0,2.896
2025-09-24,0.25,2.52
2025-09-24,0.5,2.559
2025-09-24,0.75,2.564
2025-09-24,1.0,2.513
2025-09-24,1.5,2.573
2025-09-24,2.0,2.606
2025-09-24,2.5,2.626
2025-09-24,3.0,2.67
2025-09-24,4.0,2.685
2025-09-24,5.0,2.812
2025-09-24,7.0,2.873
2025-09-24,10.0,3.031
2025-09-24,15.0,3.039
2025-09-24,20.0,3.022
2025-09-24,30.0,2.926
2025-09-25,0.25,2.527
2025-09-25,0.5,2.564
2025-09-25,0.75,2.573
2025-09-25,1.0,2.529
2025-09-25,1.5,2.602
2025-09-25,2.0,2.641
2025-09-25,2.5,2.669
2025-09-25,3.0,2.716
2025-09-25,4.0,2.732
2025-09-25,5.0,2.859
2025-09-25,7.0,2.916
2025-09-25,10.0,3.066
2025-09-25,15.0,3.068
2025-09-25,20.0,3.042
2025-09-25,30.0,2.961
2025-09-26,0.25,2.528
2025-09-26,0.5,2.566
2025-09-26,0.75,2.579
2025-09-26,1.0,2.54
2025-09-26,1.5,2.623
2025-09-26,2.0,2.662
2025-09-26,2.5,2.698
2025-09-26,3.0,2.747
2025-09-26,4.0,2.766
2025-09-26,5.0,2.893
2025-09-26,7.0,2.955
2025-09-26,10.0,3.115
2025-09-26,15.0,3.111
2025-09-26,20.0,3.077
2025-09-26,30.0,3.009
2025-09-29,0.25,2.526
2025-09-29,0.5,2.565
2025-09-29,0.75,2.578
2025-09-29,1.0,2.542
2025-09-29,1.5,2.626
2025-09-29,2.0,2.672
2025-09-29,2.5,2.703
2025-09-29,3.0,2.754
2025-09-29,4.0,2.772
2025-09-29,5.0,2.901
2025-09-29,7.0,2.965
2025-09-29,10.0,3.116
2025-09-29,15.0,3.11
2025-09-29,20.0,3.094
2025-09-29,30.0,3.013
2025-09-30,0.25,2.526
2025-09-30,0.5,2.572
2025-09-30,0.75,2.583
2025-09-30,1.0,2.544
2025-09-30,1.5,2.624
2025-09-30,2.0,2.677
2025-09-30,2.5,2.719
2025-09-30,3.0,2.772
2025-09-30,4.0,2.792
2025-09-30,5.0,2.914
2025-09-30,7.0,2.97
2025-09-30,10.0,3.118
2025-09-30,15.0,3.116
2025-09-30,20.0,3.1
2025-09-30,30.0,3.021
2025-10-01,0.25,2.521
2025-10-01,0.5,2.568
2025-10-01,0.75,2.582
2025-10-01,1.0,2.549
2025-10-01,1.5,2.626
2025-10-01,2.0,2.678
2025-10-01,2.5,2.734
2025-10-01,3.0,2.789
2025-10-01,4.0,2.813
2025-10-01,5.0,2.934
2025-10-01,7.0,2.993
2025-10-01,10.0,3.145
2025-10-01,15.0,3.133
2025-10-01,20.0,3.12
2025-10-01,30.0,3.034
2025-10-02,0.25,2.516
2025-10-02,0.5,2.563
2025-10-02,0.75,2.578
2025-10-02,1.0,2.544
2025-10-02,1.5,2.611
2025-10-02,2.0,2.662
2025-10-02,2.5,2.706
2025-10-02,3.0,2.766
2025-10-02,4.0,2.792
2025-10-02,5.0,2.904
2025-10-02,7.0,2.982
2025-10-02,10.0,3.136
2025-10-02,15.0,3.121
2025-10-02,20.0,3.106
2025-10-02,30.0,3.016
2025-10-10,0.25,2.513
2025-10-10,0.5,2.561
2025-10-10,0.75,2.575
2025-10-10,1.0,2.54
2025-10-10,1.5,2.604
2025-10-10,2.0,2.66
2025-10-10,2.5,2.709
2025-10-10,3.0,2.774
2025-10-10,4.0,2.792
2025-10-10,5.0,2.902
2025-10-10,7.0,2.977
2025-10-10,10.0,3.134
2025-10-10,15.0,3.121
2025-10-10,20.0,3.109
2025-10-10,30.0,3.011
2025-10-13,0.25,2.508
2025-10-13,0.5,2.556
2025-10-13,0.75,2.569
2025-10-13,1.0,2.53
2025-10-13,1.5,2.583
2025-10-13,2.0,2.639
2025-10-13,2.5,2.678
2025-10-13,3.0,2.741
2025-10-13,4.0,2.752
2025-10-13,5.0,2.854
2025-10-13,7.0,2.934
2025-10-13,10.0,3.084
2025-10-13,15.0,3.075
2025-10-13,20.0,3.066
2025-10-13,30.0,2.966
2025-10-14,0.25,2.505
2025-10-14,0.5,2.551
2025-10-14,0.75,2.562
2025-10-14,1.0,2.521
2025-10-14,1.5,2.569
2025-10-14,2.0,2.626
2025-10-14,2.5,2.659
2025-10-14,3.0,2.72
2025-10-14,4.0,2.73
2025-10-14,5.0,2.821
2025-10-14,7.0,2.892
2025-10-14,10.0,3.039
2025-10-14,15.0,3.038
2025-10-14,20.0,3.033
2025-10-14,30.0,2.94
2025-10-15,0.25,2.508
2025-10-15,0.5,2.552
2025-10-15,0.75,2.563
2025-10-15,1.0,2.522
2025-10-15,1.5,2.555
2025-10-15,2.0,2.615
2025-10-15,2.5,2.643
2025-10-15,3.0,2.708
2025-10-15,4.0,2.718
2025-10-15,5.0,2.813
2025-10-15,7.0,2.89
2025-10-15,10.0,3.036
2025-10-15,15.0,3.031
2025-10-15,20.0,3.024
2025-10-15,30.0,2.941
2025-10-16,0.25,2.518
2025-10-16,0.5,2.557
2025-10-16,0.75,2.57
2025-10-16,1.0,2.532
2025-10-16,1.5,2.581
2025-10-16,2.0,2.65
2025-10-16,2.5,2.692
2025-10-16,3.0,2.764
2025-10-16,4.0,2.772
2025-10-16,5.0,2.868
2025-10-16,7.0,2.944
2025-10-16,10.0,3.097
2025-10-16,15.0,3.087
2025-10-16,20.0,3.078
2025-10-16,30.0,2.998
2025-10-17,0.25,2.525
2025-10-17,0.5,2.561
2025-10-17,0.75,2.574
2025-10-17,1.0,2.521
2025-10-17,1.5,2.547
2025-10-17,2.0,2.62
2025-10-17,2.5,2.651
2025-10-17,3.0,2.723
2025-10-17,4.0,2.732
2025-10-17,5.0,2.831
2025-10-17,7.0,2.908
2025-10-17,10.0,3.049
2025-10-17,15.0,3.047
2025-10-17,20.0,3.045
2025-10-17,30.0,2.96
2025-10-20,0.25,2.53
2025-10-20,0.5,2.566
2025-10-20,0.75,2.583
2025-10-20,1.0,2.533
2025-10-20,1.5,2.56
2025-10-20,2.0,2.64
2025-10-20,2.5,2.679
2025-10-20,3.0,2.753
2025-10-20,4.0,2.757
2025-10-20,5.0,2.868
2025-10-20,7.0,2.929
2025-10-20,10.0,3.068
2025-10-20,15.0,3.065
2025-10-20,20.0,3.059
2025-10-20,30.0,2.979
2025-10-21,0.25,2.538
2025-10-21,0.5,2.574
2025-10-21,0.75,2.591
2025-10-21,1.0,2.548
2025-10-21,1.5,2.594
2025-10-21,2.0,2.671
2025-10-21,2.5,2.709
2025-10-21,3.0,2.78
2025-10-21,4.0,2.78
2025-10-21,5.0,2.887
2025-10-21,7.0,2.947
2025-10-21,10.0,3.08
2025-10-21,15.0,3.083
2025-10-21,20.0,3.074
2025-10-21,30.0,2.985
2025-10-22,0.25,2.539
2025-10-22,0.5,2.575
2025-10-22,0.75,2.589
2025-10-22,1.0,2.544
2025-10-22,1.5,2.574
2025-10-22,2.0,2.634
2025-10-22,2.5,2.668
2025-10-22,3.0,2.73
2025-10-22,4.0,2.732
2025-10-22,5.0,2.841
2025-10-22,7.0,2.903
2025-10-22,10.0,3.037
2025-10-22,15.0,3.042
2025-10-22,20.0,3.037
2025-10-22,30.0,2.953
2025-10-23,0.25,2.548
2025-10-23,0.5,2.579
2025-10-23,0.75,2.596
2025-10-23,1.0,2.554
2025-10-23,1.5,2.61
2025-10-23,2.0,2.67
2025-10-23,2.5,2.713
2025-10-23,3.0,2.775
2025-10-23,4.0,2.778
2025-10-23,5.0,2.891
2025-10-23,7.0,2.954
2025-10-23,10.0,3.089
2025-10-23,15.0,3.094
2025-10-23,20.0,3.089
2025-10-23,30.0,3.0
2025-10-24,0.25,2.551
2025-10-24,0.5,2.585
2025-10-24,0.75,2.604
2025-10-24,1.0,2.56
2025-10-24,1.5,2.599
2025-10-24,2.0,2.658
2025-10-24,2.5,2.693
2025-10-24,3.0,2.754
2025-10-24,4.0,2.759
2025-10-24,5.0,2.88
2025-10-24,7.0,2.947
2025-10-24,10.0,3.088
2025-10-24,15.0,3.095
2025-10-24,20.0,3.094
2025-10-24,30.0,3.003
2025-10-27,0.25,2.558
2025-10-27,0.5,2.592
2025-10-27,0.75,2.616
2025-10-27,1.0,2.574
2025-10-27,1.5,2.632
2025-10-27,2.0,2.698
2025-10-27,2.5,2.731
2025-10-27,3.0,2.795
2025-10-27,4.0,2.803
2025-10-27,5.0,2.928
2025-10-27,7.0,2.992
2025-10-27,10.0,3.138
2025-10-27,15.0,3.145
2025-10-27,20.0,3.147
2025-10-27,30.0,3.048
2025-10-28,0.25,2.562
2025-10-28,0.5,2.594
2025-10-28,0.75,2.62
2025-10-28,1.0,2.583
2025-10-28,1.5,2.643
2025-10-28,2.0,2.713
2025-10-28,2.5,2.752
2025-10-28,3.0,2.81
2025-10-28,4.0,2.81
2025-10-28,5.0,2.926
2025-10-28,7.0,2.974
2025-10-28,10.0,3.115
2025-10-28,15.0,3.127
2025-10-28,20.0,3.132
2025-10-28,30.0,3.033
2025-10-29,0.25,2.572
2025-10-29,0.5,2.618
2025-10-29,0.75,2.648
2025-10-29,1.0,2.619
2025-10-29,1.5,2.67
2025-10-29,2.0,2.752
2025-10-29,2.5,2.793
2025-10-29,3.0,2.852
2025-10-29,4.0,2.854
2025-10-29,5.0,2.964
2025-10-29,7.0,3.013
2025-10-29,10.0,3.159
2025-10-29,15.0,3.167
2025-10-29,20.0,3.17
2025-10-29,30.0,3.075
2025-10-30,0.25,2.601
2025-10-30,0.5,2.648
2025-10-30,0.75,2.681
2025-10-30,1.0,2.672
2025-10-30,1.5,2.723
2025-10-30,2.0,2.807
2025-10-30,2.5,2.848
2025-10-30,3.0,2.914
2025-10-30,4.0,2.928
2025-10-30,5.0,3.031
2025-10-30,7.0,3.106
2025-10-30,10.0,3.233
2025-10-30,15.0,3.242
2025-10-30,20.0,3.244
2025-10-30,30.0,3.15
2025-10-31,0.25,2.606
2025-10-31,0.5,2.653
2025-10-31,0.75,2.688
2025-10-31,1.0,2.675
2025-10-31,1.5,2.719
2025-10-31,2.0,2.79
2025-10-31,2.5,2.824
2025-10-31,3.0,2.891
2025-10-31,4.0,2.906
2025-10-31,5.0,3.026
2025-10-31,7.0,3.105
2025-10-31,10.0,3.236
2025-10-31,15.0,3.264
2025-10-31,20.0,3.277
2025-10-31,30.0,3.183
2025-11-03,0.25,2.613
2025-11-03,0.5,2.665
2025-11-03,0.75,2.703
2025-11-03,1.0,2.7
2025-11-03,1.5,2.75
2025-11-03,2.0,2.827
2025-11-03,2.5,2.856
2025-11-03,3.0,2.924
2025-11-03,4.0,2.939
2025-11-03,5.0,3.066
2025-11-03,7.0,3.139
2025-11-03,10.0,3.274
2025-11-03,15.0,3.294
2025-11-03,20.0,3.297
2025-11-03,30.0,3.208
2025-11-04,0.25,2.618
2025-11-04,0.5,2.666
2025-11-04,0.75,2.705
2025-11-04,1.0,2.701
2025-11-04,1.5,2.749
2025-11-04,2.0,2.824
2025-11-04,2.5,2.848
2025-11-04,3.0,2.912
2025-11-04,4.0,2.922
2025-11-04,5.0,3.051
2025-11-04,7.0,3.123
2025-11-04,10.0,3.261
2025-11-04,15.0,3.293
2025-11-04,20.0,3.308
2025-11-04,30.0,3.223
2025-11-05,0.25,2.622
2025-11-05,0.5,2.678
2025-11-05,0.75,2.719
2025-11-05,1.0,2.721
2025-11-05,1.5,2.771
2025-11-05,2.0,2.86
2025-11-05,2.5,2.886
2025-11-05,3.0,2.949
2025-11-05,4.0,2.962
2025-11-05,5.0,3.092
2025-11-05,7.0,3.166
2025-11-05,10.0,3.309
2025-11-05,15.0,3.331
2025-11-05,20.0,3.334
2025-11-05,30.0,3.248
2025-11-06,0.25,2.646
2025-11-06,0.5,2.705
2025-11-06,0.75,2.749
2025-11-06,1.0,2.767
2025-11-06,1.5,2.82
2025-11-06,2.0,2.916
2025-11-06,2.5,2.958
2025-11-06,3.0,3.03
2025-11-06,4.0,3.049
2025-11-06,5.0,3.179
2025-11-06,7.0,3.248
2025-11-06,10.0,3.395
2025-11-06,15.0,3.407
2025-11-06,20.0,3.405
2025-11-06,30.0,3.322
2025-11-07,0.25,2.667
2025-11-07,0.5,2.731
2025-11-07,0.75,2.769
2025-11-07,1.0,2.786
2025-11-07,1.5,2.865
2025-11-07,2.0,2.965
2025-11-07,2.5,3.014
2025-11-07,3.0,3.087
2025-11-07,4.0,3.098
2025-11-07,5.0,3.225
2025-11-07,7.0,3.277
2025-11-07,10.0,3.404
2025-11-07,15.0,3.418
2025-11-07,20.0,3.42
2025-11-07,30.0,3.332
2025-11-10,0.25,2.675
2025-11-10,0.5,2.743
2025-11-10,0.75,2.784
2025-11-10,1.0,2.785
2025-11-10,1.5,2.855
2025-11-10,2.0,2.957
2025-11-10,2.5,2.984
2025-11-10,3.0,3.059
2025-11-10,4.0,3.089
2025-11-10,5.0,3.223
2025-11-10,7.0,3.278
2025-11-10,10.0,3.413
2025-11-10,15.0,3.424
2025-11-10,20.0,3.425
2025-11-10,30.0,3.339
2025-11-11,0.25,2.68
2025-11-11,0.5,2.75
2025-11-11,0.75,2.782
2025-11-11,1.0,2.773
2025-11-11,1.5,2.837
2025-11-11,2.0,2.94
2025-11-11,2.5,2.958
2025-11-11,3.0,3.024
2025-11-11,4.0,3.043
2025-11-11,5.0,3.18
2025-11-11,7.0,3.246
2025-11-11,10.0,3.379
2025-11-11,15.0,3.396
2025-11-11,20.0,3.403
2025-11-11,30.0,3.32
2025-11-12,0.25,2.695
2025-11-12,0.5,2.768
2025-11-12,0.75,2.804
2025-11-12,1.0,2.813
2025-11-12,1.5,2.894
2025-11-12,2.0,3.02
2025-11-12,2.5,3.038
2025-11-12,3.0,3.112
2025-11-12,4.0,3.126
2025-11-12,5.0,3.258
2025-11-12,7.0,3.334
2025-11-12,10.0,3.451
2025-11-12,15.0,3.469
2025-11-12,20.0,3.481
2025-11-12,30.0,3.386
2025-11-13,0.25,2.712
2025-11-13,0.5,2.796
2025-11-13,0.75,2.829
2025-11-13,1.0,2.832
2025-11-13,1.5,2.907
2025-11-13,2.0,3.037
2025-11-13,2.5,3.061
2025-11-13,3.0,3.134
2025-11-13,4.0,3.152
2025-11-13,5.0,3.284
2025-11-13,7.0,3.345
2025-11-13,10.0,3.451
2025-11-13,15.0,3.459
2025-11-13,20.0,3.461
2025-11-13,30.0,3.371
2025-11-14,0.25,2.72
2025-11-14,0.5,2.803
2025-11-14,0.75,2.834
2025-11-14,1.0,2.832
2025-11-14,1.5,2.924
2025-11-14,2.0,3.059
2025-11-14,2.5,3.085
2025-11-14,3.0,3.162
2025-11-14,4.0,3.197
2025-11-14,5.0,3.339
2025-11-14,7.0,3.407
2025-11-14,10.0,3.52
2025-11-14,15.0,3.529
2025-11-14,20.0,3.533
2025-11-14,30.0,3.451
2025-11-17,0.25,2.721
2025-11-17,0.5,2.801
2025-11-17,0.75,2.825
2025-11-17,1.0,2.81
2025-11-17,1.5,2.897
2025-11-17,2.0,3.034
2025-11-17,2.5,3.044
2025-11-17,3.0,3.123
2025-11-17,4.0,3.161
2025-11-17,5.0,3.305
2025-11-17,7.0,3.375
2025-11-17,10.0,3.491
2025-11-17,15.0,3.503
2025-11-17,20.0,3.512
2025-11-17,30.0,3.436
2025-11-18,0.25,2.716
2025-11-18,0.5,2.795
2025-11-18,0.75,2.819
2025-11-18,1.0,2.805
2025-11-18,1.5,2.867
2025-11-18,2.0,3.003
2025-11-18,2.5,3.015
2025-11-18,3.0,3.096
2025-11-18,4.0,3.131
2025-11-18,5.0,3.27
2025-11-18,7.0,3.335
2025-11-18,10.0,3.449
2025-11-18,15.0,3.467
2025-11-18,20.0,3.481
2025-11-18,30.0,3.411
2025-11-19,0.25,2.703
2025-11-19,0.5,2.788
2025-11-19,0.75,2.811
2025-11-19,1.0,2.803
2025-11-19,1.5,2.863
2025-11-19,2.0,2.992
2025-11-19,2.5,3.011
2025-11-19,3.0,3.101
2025-11-19,4.0,3.142
2025-11-19,5.0,3.293
2025-11-19,7.0,3.359
2025-11-19,10.0,3.473
2025-11-19,15.0,3.489
2025-11-19,20.0,3.501
2025-11-19,30.0,3.429
2025-11-20,0.25,2.711
2025-11-20,0.5,2.798
2025-11-20,0.75,2.819
2025-11-20,1.0,2.806
2025-11-20,1.5,2.88
2025-11-20,2.0,3.011
2025-11-20,2.5,3.036
2025-11-20,3.0,3.138
2025-11-20,4.0,3.185
2025-11-20,5.0,3.338
2025-11-20,7.0,3.409
2025-11-20,10.0,3.523
2025-11-20,15.0,3.544
2025-11-20,20.0,3.539
2025-11-20,30.0,3.464
2025-11-21,0.25,2.716
2025-11-21,0.5,2.793
2025-11-21,0.75,2.81
2025-11-21,1.0,2.781
2025-11-21,1.5,2.829
2025-11-21,2.0,2.962
2025-11-21,2.5,2.991
2025-11-21,3.0,3.094
2025-11-21,4.0,3.144
2025-11-21,5.0,3.296
2025-11-21,7.0,3.364
2025-11-21,10.0,3.467
2025-11-21,15.0,3.489
2025-11-21,20.0,3.487
2025-11-21,30.0,3.421
2025-11-24,0.25,2.719
2025-11-24,0.5,2.793
2025-11-24,0.75,2.807
2025-11-24,1.0,2.776
2025-11-24,1.5,2.836
2025-11-24,2.0,2.974
2025-11-24,2.5,3.016
2025-11-24,3.0,3.121
2025-11-24,4.0,3.175
2025-11-24,5.0,3.324
2025-11-24,7.0,3.391
2025-11-24,10.0,3.482
2025-11-24,15.0,3.501
2025-11-24,20.0,3.497
2025-11-24,30.0,3.419
2025-11-25,0.25,2.728
2025-11-25,0.5,2.799
2025-11-25,0.75,2.809
2025-11-25,1.0,2.775
2025-11-25,1.5,2.839
2025-11-25,2.0,2.974
2025-11-25,2.5,3.021
2025-11-25,3.0,3.119
2025-11-25,4.0,3.171
2025-11-25,5.0,3.317
2025-11-25,7.0,3.375
2025-11-25,10.0,3.461
2025-11-25,15.0,3.469
2025-11-25,20.0,3.458
2025-11-25,30.0,3.373
2025-11-26,0.25,2.731
2025-11-26,0.5,2.8
2025-11-26,0.75,2.805
2025-11-26,1.0,2.768
2025-11-26,1.5,2.832
2025-11-26,2.0,2.972
2025-11-26,2.5,3.02
2025-11-26,3.0,3.103
2025-11-26,4.0,3.163
2025-11-26,5.0,3.296
2025-11-26,7.0,3.356
2025-11-26,10.0,3.443
2025-11-26,15.0,3.455
2025-11-26,20.0,3.448
2025-11-26,30.0,3.365
2025-11-27,0.25,2.759
2025-11-27,0.5,2.84
2025-11-27,0.75,2.845
2025-11-27,1.0,2.811
2025-11-27,1.5,2.907
2025-11-27,2.0,3.08
2025-11-27,2.5,3.135
2025-11-27,3.0,3.221
2025-11-27,4.0,3.274
2025-11-27,5.0,3.404
2025-11-27,7.0,3.456
2025-11-27,10.0,3.545
2025-11-27,15.0,3.551
2025-11-27,20.0,3.538
2025-11-27,30.0,3.446
2025-11-28,0.25,2.771
2025-11-28,0.5,2.868
2025-11-28,0.75,2.869
2025-11-28,1.0,2.813
2025-11-28,1.5,2.889
2025-11-28,2.0,3.051
2025-11-28,2.5,3.097
2025-11-28,3.0,3.186
2025-11-28,4.0,3.241
2025-11-28,5.0,3.373
2025-11-28,7.0,3.434
2025-11-28,10.0,3.533
2025-11-28,15.0,3.537
2025-11-28,20.0,3.523
2025-11-28,30.0,3.417
2025-12-01,0.25,2.788
2025-12-01,0.5,2.895
2025-12-01,0.75,2.892
2025-12-01,1.0,2.845
2025-12-01,1.5,2.929
2025-12-01,2.0,3.097
2025-12-01,2.5,3.145
2025-12-01,3.0,3.24
2025-12-01,4.0,3.297
2025-12-01,5.0,3.435
2025-12-01,7.0,3.49
2025-12-01,10.0,3.578
2025-12-01,15.0,3.58
2025-12-01,20.0,3.563
2025-12-01,30.0,3.457
2025-12-02,0.25,2.784
2025-12-02,0.5,2.888
2025-12-02,0.75,2.889
2025-12-02,1.0,2.84
2025-12-02,1.5,2.914
2025-12-02,2.0,3.075
2025-12-02,2.5,3.124
2025-12-02,3.0,3.214
2025-12-02,4.0,3.272
2025-12-02,5.0,3.41
2025-12-02,7.0,3.461
2025-12-02,10.0,3.53
2025-12-02,15.0,3.565
2025-12-02,20.0,3.553
2025-12-02,30.0,3.452
2025-12-03,0.25,2.788
2025-12-03,0.5,2.896
2025-12-03,0.75,2.897
2025-12-03,1.0,2.848
2025-12-03,1.5,2.922
2025-12-03,2.0,3.086
2025-12-03,2.5,3.142
2025-12-03,3.0,3.228
2025-12-03,4.0,3.297
2025-12-03,5.0,3.438
2025-12-03,7.0,3.494
2025-12-03,10.0,3.547
2025-12-03,15.0,3.587
2025-12-03,20.0,3.575
2025-12-03,30.0,3.462
2025-12-04,0.25,2.794
2025-12-04,0.5,2.897
2025-12-04,0.75,2.903
2025-12-04,1.0,2.855
2025-12-04,1.5,2.906
2025-12-04,2.0,3.054
2025-12-04,2.5,3.123
2025-12-04,3.0,3.216
2025-12-04,4.0,3.28
2025-12-04,5.0,3.424
2025-12-04,7.0,3.474
2025-12-04,10.0,3.553
2025-12-04,15.0,3.583
2025-12-04,20.0,3.563
2025-12-04,30.0,3.455
2025-12-05,0.25,2.795
2025-12-05,0.5,2.895
2025-12-05,0.75,2.902
2025-12-05,1.0,2.849
2025-12-05,1.5,2.879
2025-12-05,2.0,3.031
2025-12-05,2.5,3.087
2025-12-05,3.0,3.181
2025-12-05,4.0,3.244
2025-12-05,5.0,3.392
2025-12-05,7.0,3.441
2025-12-05,10.0,3.526
2025-12-05,15.0,3.55
2025-12-05,20.0,3.525
2025-12-05,30.0,3.402
2025-12-08,0.25,2.797
2025-12-08,0.5,2.898
2025-12-08,0.75,2.906
2025-12-08,1.0,2.855
2025-12-08,1.5,2.897
2025-12-08,2.0,3.059
2025-12-08,2.5,3.122
2025-12-08,3.0,3.224
2025-12-08,4.0,3.292
2025-12-08,5.0,3.439
2025-12-08,7.0,3.488
2025-12-08,10.0,3.577
2025-12-08,15.0,3.585
2025-12-08,20.0,3.548
2025-12-08,30.0,3.412
2025-12-09,0.25,2.799
2025-12-09,0.5,2.899
2025-12-09,0.75,2.914
2025-12-09,1.0,2.866
2025-12-09,1.5,2.924
2025-12-09,2.0,3.102
2025-12-09,2.5,3.167
2025-12-09,3.0,3.277
2025-12-09,4.0,3.36
2025-12-09,5.0,3.503
2025-12-09,7.0,3.542
2025-12-09,10.0,3.627
2025-12-09,15.0,3.63
2025-12-09,20.0,3.588
2025-12-09,30.0,3.442
2025-12-10,0.25,2.795
2025-12-10,0.5,2.899
2025-12-10,0.75,2.917
2025-12-10,1.0,2.872
2025-12-10,1.5,2.932
2025-12-10,2.0,3.114
2025-12-10,2.5,3.204
2025-12-10,3.0,3.31
2025-12-10,4.0,3.393
2025-12-10,5.0,3.538
2025-12-10,7.0,3.567
2025-12-10,10.0,3.619
2025-12-10,15.0,3.628
2025-12-10,20.0,3.596
2025-12-10,30.0,3.475
2025-12-11,0.25,2.798
2025-12-11,0.5,2.899
2025-12-11,0.75,2.908
2025-12-11,1.0,2.866
2025-12-11,1.5,2.934
2025-12-11,2.0,3.124
2025-12-11,2.5,3.223
2025-12-11,3.0,3.328
2025-12-11,4.0,3.404
2025-12-11,5.0,3.558
2025-12-11,7.0,3.566
2025-12-11,10.0,3.612
2025-12-11,15.0,3.617
2025-12-11,20.0,3.58
2025-12-11,30.0,3.457
2025-12-12,0.25,2.796
2025-12-12,0.5,2.895
2025-12-12,0.75,2.905
2025-12-12,1.0,2.864
2025-12-12,1.5,2.929
2025-12-12,2.0,3.091
2025-12-12,2.5,3.207
2025-12-12,3.0,3.315
2025-12-12,4.0,3.379
2025-12-12,5.0,3.542
2025-12-12,7.0,3.554
2025-12-12,10.0,3.629
2025-12-12,15.0,3.596
2025-12-12,20.0,3.549
2025-12-12,30.0,3.441
2025-12-15,0.25,2.78
2025-12-15,0.5,2.874
2025-12-15,0.75,2.87
2025-12-15,1.0,2.82
2025-12-15,1.5,2.871
2025-12-15,2.0,3.007
2025-12-15,2.5,3.109
2025-12-15,3.0,3.224
2025-12-15,4.0,3.29
2025-12-15,5.0,3.453
2025-12-15,7.0,3.464
2025-12-15,10.0,3.551
2025-12-15,15.0,3.515
2025-12-15,20.0,3.478
2025-12-15,30.0,3.376
2025-12-16,0.25,2.788
2025-12-16,0.5,2.871
2025-12-16,0.75,2.866
2025-12-16,1.0,2.82
2025-12-16,1.5,2.886
2025-12-16,2.0,3.029
2025-12-16,2.5,3.121
2025-12-16,3.0,3.235
2025-12-16,4.0,3.29
2025-12-16,5.0,3.444
2025-12-16,7.0,3.452
2025-12-16,10.0,3.532
2025-12-16,15.0,3.505
2025-12-16,20.0,3.48
2025-12-16,30.0,3.386
2025-12-17,0.25,2.79
2025-12-17,0.5,2.868
2025-12-17,0.75,2.858
2025-12-17,1.0,2.808
2025-12-17,1.5,2.885
2025-12-17,2.0,3.026
2025-12-17,2.5,3.118
2025-12-17,3.0,3.229
2025-12-17,4.0,3.283
2025-12-17,5.0,3.426
2025-12-17,7.0,3.464
2025-12-17,10.0,3.539
2025-12-17,15.0,3.523
2025-12-17,20.0,3.507
2025-12-17,30.0,3.415
2025-12-18,0.25,2.797
2025-12-18,0.5,2.867
2025-12-18,0.75,2.859
2025-12-18,1.0,2.805
2025-12-18,1.5,2.877
2025-12-18,2.0,2.994
2025-12-18,2.5,3.084
2025-12-18,3.0,3.202
2025-12-18,4.0,3.257
2025-12-18,5.0,3.401
2025-12-18,7.0,3.459
2025-12-18,10.0,3.527
2025-12-18,15.0,3.534
2025-12-18,20.0,3.533
2025-12-18,30.0,3.448
2025-12-19,0.25,2.804
2025-12-19,0.5,2.873
2025-12-19,0.75,2.871
2025-12-19,1.0,2.828
2025-12-19,1.5,2.91
2025-12-19,2.0,3.027
2025-12-19,2.5,3.131
2025-12-19,3.0,3.247
2025-12-19,4.0,3.303
2025-12-19,5.0,3.447
2025-12-19,7.0,3.505
2025-12-19,10.0,3.572
2025-12-19,15.0,3.564
2025-12-19,20.0,3.553
2025-12-19,30.0,3.464
2025-12-22,0.25,2.801
2025-12-22,0.5,2.86
2025-12-22,0.75,2.861
2025-12-22,1.0,2.815
2025-12-22,1.5,2.894
2025-12-22,2.0,3.004
2025-12-22,2.5,3.11
2025-12-22,3.0,3.226
2025-12-22,4.0,3.289
2025-12-22,5.0,3.443
2025-12-22,7.0,3.513
2025-12-22,10.0,3.58
2025-12-22,15.0,3.565
2025-12-22,20.0,3.548
2025-12-22,30.0,3.454
2025-12-23,0.25,2.8
2025-12-23,0.5,2.853
2025-12-23,0.75,2.851
2025-12-23,1.0,2.805
2025-12-23,1.5,2.875
2025-12-23,2.0,2.978
2025-12-23,2.5,3.098
2025-12-23,3.0,3.19
2025-12-23,4.0,3.284
2025-12-23,5.0,3.437
2025-12-23,7.0,3.51
2025-12-23,10.0,3.591
2025-12-23,15.0,3.58
2025-12-23,20.0,3.567
2025-12-23,30.0,3.463
2025-12-24,0.25,2.801
2025-12-24,0.5,2.845
2025-12-24,0.75,2.845
2025-12-24,1.0,2.802
2025-12-24,1.5,2.877
2025-12-24,2.0,2.972
2025-12-24,2.5,3.083
2025-12-24,3.0,3.173
2025-12-24,4.0,3.268
2025-12-24,5.0,3.405
2025-12-24,7.0,3.48
2025-12-24,10.0,3.563
2025-12-24,15.0,3.556
2025-12-24,20.0,3.546
2025-12-24,30.0,3.444
2025-12-26,0.25,2.799
2025-12-26,0.5,2.837
2025-12-26,0.75,2.838
2025-12-26,1.0,2.803
2025-12-26,1.5,2.896
2025-12-26,2.0,2.985
2025-12-26,2.5,3.096
2025-12-26,3.0,3.191
2025-12-26,4.0,3.288
2025-12-26,5.0,3.437
2025-12-26,7.0,3.513
2025-12-26,10.0,3.596
2025-12-26,15.0,3.586
2025-12-26,20.0,3.573
2025-12-26,30.0,3.471
2025-12-29,0.25,2.801
2025-12-29,0.5,2.832
2025-12-29,0.75,2.841
2025-12-29,1.0,2.813
2025-12-29,1.5,2.891
2025-12-29,2.0,2.98
2025-12-29,2.5,3.076
2025-12-29,3.0,3.168
2025-12-29,4.0,3.268
2025-12-29,5.0,3.42
2025-12-29,7.0,3.493
2025-12-29,10.0,3.571
2025-12-29,15.0,3.565
2025-12-29,20.0,3.543
2025-12-29,30.0,3.437
2025-12-30,0.25,2.806
2025-12-30,0.5,2.837
2025-12-30,0.75,2.849
2025-12-30,1.0,2.829
2025-12-30,1.5,2.895
2025-12-30,2.0,2.99
2025-12-30,2.5,3.087
2025-12-30,3.0,3.18
2025-12-30,4.0,3.276
2025-12-30,5.0,3.428
2025-12-30,7.0,3.483
2025-12-30,10.0,3.601
2025-12-30,15.0,3.586
2025-12-30,20.0,3.563
2025-12-30,30.0,3.452
2025-12-31,0.25,2.806
2025-12-31,0.5,2.837
2025-12-31,0.75,2.849
2025-12-31,1.0,2.829
2025-12-31,1.5,2.895
2025-12-31,2.0,2.99
2025-12-31,2.5,3.087
2025-12-31,3.0,3.18
2025-12-31,4.0,3.276
2025-12-31,5.0,3.428
2025-12-31,7.0,3.483
2025-12-31,10.0,3.601
2025-12-31,15.0,3.586
2025-12-31,20.0,3.563
2025-12-31,30.0,3.452
2026-01-02,0.25,2.761
2026-01-02,0.5,2.78
2026-01-02,0.75,2.787
2026-01-02,1.0,2.784
2026-01-02,1.5,2.872
2026-01-02,2.0,2.967
2026-01-02,2.5,3.067
2026-01-02,3.0,3.153
2026-01-02,4.0,3.258
2026-01-02,5.0,3.426
2026-01-02,7.0,3.486
2026-01-02,10.0,3.602
2026-01-02,15.0,3.586
2026-01-02,20.0,3.561
2026-01-02,30.0,3.457
2026-01-05,0.25,2.736
2026-01-05,0.5,2.752
2026-01-05,0.75,2.756
2026-01-05,1.0,2.757
2026-01-05,1.5,2.862
2026-01-05,2.0,2.971
2026-01-05,2.5,3.069
2026-01-05,3.0,3.154
2026-01-05,4.0,3.259
2026-01-05,5.0,3.43
2026-01-05,7.0,3.494
2026-01-05,10.0,3.612
2026-01-05,15.0,3.606
2026-01-05,20.0,3.59
2026-01-05,30.0,3.476
2026-01-06,0.25,2.724
2026-01-06,0.5,2.73
2026-01-06,0.75,2.731
2026-01-06,1.0,2.74
2026-01-06,1.5,2.868
2026-01-06,2.0,2.985
2026-01-06,2.5,3.087
2026-01-06,3.0,3.166
2026-01-06,4.0,3.262
2026-01-06,5.0,3.433
2026-01-06,7.0,3.489
2026-01-06,10.0,3.617
2026-01-06,15.0,3.599
2026-01-06,20.0,3.572
2026-01-06,30.0,3.448
2026-01-07,0.25,2.713
2026-01-07,0.5,2.721
2026-01-07,0.75,2.722
2026-01-07,1.0,2.732
2026-01-07,1.5,2.84
2026-01-07,2.0,2.952
2026-01-07,2.5,3.054
2026-01-07,3.0,3.124
2026-01-07,4.0,3.215
2026-01-07,5.0,3.373
2026-01-07,7.0,3.447
2026-01-07,10.0,3.574
2026-01-07,15.0,3.56
2026-01-07,20.0,3.535
2026-01-07,30.0,3.426
2026-01-08,0.25,2.708
2026-01-08,0.5,2.716
2026-01-08,0.75,2.721
2026-01-08,1.0,2.732
2026-01-08,1.5,2.835
2026-01-08,2.0,2.951
2026-01-08,2.5,3.049
2026-01-08,3.0,3.124
2026-01-08,4.0,3.197
2026-01-08,5.0,3.351
2026-01-08,7.0,3.428
2026-01-08,10.0,3.562
2026-01-08,15.0,3.566
2026-01-08,20.0,3.542
2026-01-08,30.0,3.436
2026-01-09,0.25,2.709
2026-01-09,0.5,2.721
2026-01-09,0.75,2.72
2026-01-09,1.0,2.73
2026-01-09,1.5,2.845
2026-01-09,2.0,2.973
2026-01-09,2.5,3.076
2026-01-09,3.0,3.154
2026-01-09,4.0,3.227
2026-01-09,5.0,3.375
2026-01-09,7.0,3.462
2026-01-09,10.0,3.605
2026-01-09,15.0,3.604
2026-01-09,20.0,3.575
2026-01-09,30.0,3.458
2026-01-12,0.25,2.705
2026-01-12,0.5,2.719
2026-01-12,0.75,2.722
2026-01-12,1.0,2.73
2026-01-12,1.5,2.849
2026-01-12,2.0,2.982
2026-01-12,2.5,3.089
2026-01-12,3.0,3.179
2026-01-12,4.0,3.243
2026-01-12,5.0,3.395
2026-01-12,7.0,3.474
2026-01-12,10.0,3.61
2026-01-12,15.0,3.604
2026-01-12,20.0,3.562
2026-01-12,30.0,3.446
2026-01-13,0.25,2.704
2026-01-13,0.5,2.719
2026-01-13,0.75,2.722
2026-01-13,1.0,2.734
2026-01-13,1.5,2.853
2026-01-13,2.0,2.993
2026-01-13,2.5,3.098
2026-01-13,3.0,3.198
2026-01-13,4.0,3.265
2026-01-13,5.0,3.424
2026-01-13,7.0,3.495
2026-01-13,10.0,3.632
2026-01-13,15.0,3.629
2026-01-13,20.0,3.59
2026-01-13,30.0,3.479
2026-01-14,0.25,2.702
2026-01-14,0.5,2.72
2026-01-14,0.75,2.73
2026-01-14,1.0,2.742
2026-01-14,1.5,2.848
2026-01-14,2.0,2.982
2026-01-14,2.5,3.083
2026-01-14,3.0,3.197
2026-01-14,4.0,3.267
2026-01-14,5.0,3.423
2026-01-14,7.0,3.488
2026-01-14,10.0,3.634
2026-01-14,15.0,3.632
2026-01-14,20.0,3.592
2026-01-14,30.0,3.479
2026-01-15,0.25,2.715
2026-01-15,0.5,2.739
2026-01-15,0.75,2.75
2026-01-15,1.0,2.772
2026-01-15,1.5,2.893
2026-01-15,2.0,3.042
2026-01-15,2.5,3.164
2026-01-15,3.0,3.285
2026-01-15,4.0,3.352
2026-01-15,5.0,3.505
2026-01-15,7.0,3.555
2026-01-15,10.0,3.709
2026-01-15,15.0,3.704
2026-01-15,20.0,3.652
2026-01-15,30.0,3.529
2026-01-16,0.25,2.715
2026-01-16,0.5,2.742
2026-01-16,0.75,2.752
2026-01-16,1.0,2.782
2026-01-16,1.5,2.895
2026-01-16,2.0,3.048
2026-01-16,2.5,3.166
2026-01-16,3.0,3.283
2026-01-16,4.0,3.353
2026-01-16,5.0,3.505
2026-01-16,7.0,3.55
2026-01-16,10.0,3.706
2026-01-16,15.0,3.695
2026-01-16,20.0,3.644
2026-01-16,30.0,3.524
2026-01-19,0.25,2.715
2026-01-19,0.5,2.747
2026-01-19,0.75,2.757
2026-01-19,1.0,2.791
2026-01-19,1.5,2.91
2026-01-19,2.0,3.086
2026-01-19,2.5,3.208
2026-01-19,3.0,3.336
2026-01-19,4.0,3.409
2026-01-19,5.0,3.574
2026-01-19,7.0,3.618
2026-01-19,10.0,3.772
2026-01-19,15.0,3.76
2026-01-19,20.0,3.71
2026-01-19,30.0,3.589
2026-01-20,0.25,2.712
2026-01-20,0.5,2.744
2026-01-20,0.75,2.758
2026-01-20,1.0,2.796
2026-01-20,1.5,2.918
2026-01-20,2.0,3.111
2026-01-20,2.5,3.242
2026-01-20,3.0,3.386
2026-01-20,4.0,3.478
2026-01-20,5.0,3.661
2026-01-20,7.0,3.703
2026-01-20,10.0,3.854
2026-01-20,15.0,3.855
2026-01-20,20.0,3.821
2026-01-20,30.0,3.699
2026-01-21,0.25,2.707
2026-01-21,0.5,2.743
2026-01-21,0.75,2.784
2026-01-21,1.0,2.803
2026-01-21,1.5,2.901
2026-01-21,2.0,3.087
2026-01-21,2.5,3.21
2026-01-21,3.0,3.337
2026-01-21,4.0,3.429
2026-01-21,5.0,3.612
2026-01-21,7.0,3.658
2026-01-21,10.0,3.806
2026-01-21,15.0,3.818
2026-01-21,20.0,3.791
2026-01-21,30.0,3.674
2026-01-22,0.25,2.709
2026-01-22,0.5,2.751
2026-01-22,0.75,2.796
2026-01-22,1.0,2.816
2026-01-22,1.5,2.903
2026-01-22,2.0,3.079
2026-01-22,2.5,3.201
2026-01-22,3.0,3.323
2026-01-22,4.0,3.416
2026-01-22,5.0,3.59
2026-01-22,7.0,3.628
2026-01-22,10.0,3.76
2026-01-22,15.0,3.774
2026-01-22,20.0,3.75
2026-01-22,30.0,3.624
2026-01-23,0.25,2.724
2026-01-23,0.5,2.762
2026-01-23,0.75,2.816
2026-01-23,1.0,2.841
2026-01-23,1.5,2.942
2026-01-23,2.0,3.124
2026-01-23,2.5,3.245
2026-01-23,3.0,3.368
2026-01-23,4.0,3.456
2026-01-23,5.0,3.625
2026-01-23,7.0,3.661
2026-01-23,10.0,3.792
2026-01-23,15.0,3.812
2026-01-23,20.0,3.797
2026-01-23,30.0,3.664
2026-01-26,0.25,2.727
2026-01-26,0.5,2.767
2026-01-26,0.75,2.84
2026-01-26,1.0,2.87
2026-01-26,1.5,2.948
2026-01-26,2.0,3.118
2026-01-26,2.5,3.22
2026-01-26,3.0,3.338
2026-01-26,4.0,3.426
2026-01-26,5.0,3.595
2026-01-26,7.0,3.628
2026-01-26,10.0,3.756
2026-01-26,15.0,3.799
2026-01-26,20.0,3.792
2026-01-26,30.0,3.659
2026-01-27,0.25,2.737
2026-01-27,0.5,2.782
2026-01-27,0.75,2.859
2026-01-27,1.0,2.904
2026-01-27,1.5,2.97
2026-01-27,2.0,3.133
2026-01-27,2.5,3.23
2026-01-27,3.0,3.352
2026-01-27,4.0,3.431
2026-01-27,5.0,3.586
2026-01-27,7.0,3.618
2026-01-27,10.0,3.738
2026-01-27,15.0,3.777
2026-01-27,20.0,3.762
2026-01-27,30.0,3.644
2026-01-28,0.25,2.739
2026-01-28,0.5,2.788
2026-01-28,0.75,2.871
2026-01-28,1.0,2.919
2026-01-28,1.5,2.976
2026-01-28,2.0,3.149
2026-01-28,2.5,3.22
2026-01-28,3.0,3.344
2026-01-28,4.0,3.425
2026-01-28,5.0,3.577
2026-01-28,7.0,3.604
2026-01-28,10.0,3.73
2026-01-28,15.0,3.767
2026-01-28,20.0,3.747
2026-01-28,30.0,3.641
2026-01-29,0.25,2.742
2026-01-29,0.5,2.793
2026-01-29,0.75,2.879
2026-01-29,1.0,2.931
2026-01-29,1.5,3.01
2026-01-29,2.0,3.191
2026-01-29,2.5,3.261
2026-01-29,3.0,3.38
2026-01-29,4.0,3.464
2026-01-29,5.0,3.621
2026-01-29,7.0,3.654
2026-01-29,10.0,3.775
2026-01-29,15.0,3.809
2026-01-29,20.0,3.789
2026-01-29,30.0,3.691
2026-01-30,0.25,2.749
2026-01-30,0.5,2.8
2026-01-30,0.75,2.889
2026-01-30,1.0,2.951
2026-01-30,1.5,3.035
2026-01-30,2.0,3.229
2026-01-30,2.5,3.301
2026-01-30,3.0,3.417
2026-01-30,4.0,3.507
2026-01-30,5.0,3.667
2026-01-30,7.0,3.703
2026-01-30,10.0,3.824
2026-01-30,15.0,3.853
2026-01-30,20.0,3.814
2026-01-30,30.0,3.729
2026-02-02,0.25,2.759
2026-02-02,0.5,2.814
2026-02-02,0.75,2.904
2026-02-02,1.0,2.961
2026-02-02,1.5,3.05
2026-02-02,2.0,3.244
2026-02-02,2.5,3.321
2026-02-02,3.0,3.432
2026-02-02,4.0,3.519
2026-02-02,5.0,3.679
2026-02-02,7.0,3.699
2026-02-02,10.0,3.823
2026-02-02,15.0,3.856
2026-02-02,20.0,3.827
2026-02-02,30.0,3.73
2026-02-03,0.25,2.766
2026-02-03,0.5,2.824
2026-02-03,0.75,2.917
2026-02-03,1.0,2.984
2026-02-03,1.5,3.087
2026-02-03,2.0,3.3
2026-02-03,2.5,3.37
2026-02-03,3.0,3.479
2026-02-03,4.0,3.571
2026-02-03,5.0,3.725
2026-02-03,7.0,3.749
2026-02-03,10.0,3.88
2026-02-03,15.0,3.917
2026-02-03,20.0,3.892
2026-02-03,30.0,3.794
2026-02-04,0.25,2.772
2026-02-04,0.5,2.833
2026-02-04,0.75,2.924
2026-02-04,1.0,2.994
2026-02-04,1.5,3.108
2026-02-04,2.0,3.349
2026-02-04,2.5,3.409
2026-02-04,3.0,3.517
2026-02-04,4.0,3.609
2026-02-04,5.0,3.769
2026-02-04,7.0,3.799
2026-02-04,10.0,3.938
2026-02-04,15.0,3.967
2026-02-04,20.0,3.937
2026-02-04,30.0,3.836
2026-02-05,0.25,2.776
2026-02-05,0.5,2.837
2026-02-05,0.75,2.929
2026-02-05,1.0,3.005
2026-02-05,1.5,3.117
2026-02-05,2.0,3.34
2026-02-05,2.5,3.396
2026-02-05,3.0,3.51
2026-02-05,4.0,3.596
2026-02-05,5.0,3.744
2026-02-05,7.0,3.772
2026-02-05,10.0,3.908
2026-02-05,15.0,3.943
2026-02-05,20.0,3.921
2026-02-05,30.0,3.814
2026-02-06,0.25,2.777
2026-02-06,0.5,2.836
2026-02-06,0.75,2.928
2026-02-06,1.0,3.015
2026-02-06,1.5,3.15
2026-02-06,2.0,3.371
2026-02-06,2.5,3.434
2026-02-06,3.0,3.555
2026-02-06,4.0,3.624
2026-02-06,5.0,3.77
2026-02-06,7.0,3.809
2026-02-06,10.0,3.935
2026-02-06,15.0,3.963
2026-02-06,20.0,3.938
2026-02-06,30.0,3.821
2026-02-09,0.25,2.777
2026-02-09,0.5,2.842
2026-02-09,0.75,2.929
2026-02-09,1.0,3.028
2026-02-09,1.5,3.17
2026-02-09,2.0,3.382
2026-02-09,2.5,3.448
2026-02-09,3.0,3.588
2026-02-09,4.0,3.644
2026-02-09,5.0,3.798
2026-02-09,7.0,3.839
2026-02-09,10.0,3.976
2026-02-09,15.0,3.996
2026-02-09,20.0,3.961
2026-02-09,30.0,3.852
2026-02-10,0.25,2.779
2026-02-10,0.5,2.835
2026-02-10,0.75,2.919
2026-02-10,1.0,3.021
2026-02-10,1.5,3.167
2026-02-10,2.0,3.356
2026-02-10,2.5,3.41
2026-02-10,3.0,3.56
2026-02-10,4.0,3.599
2026-02-10,5.0,3.745
2026-02-10,7.0,3.767
2026-02-10,10.0,3.898
2026-02-10,15.0,3.936
2026-02-10,20.0,3.921
2026-02-10,30.0,3.814
2026-02-11,0.25,2.779
2026-02-11,0.5,2.835
2026-02-11,0.75,2.911
2026-02-11,1.0,3.017
2026-02-11,1.5,3.153
2026-02-11,2.0,3.333
2026-02-11,2.5,3.397
2026-02-11,3.0,3.549
2026-02-11,4.0,3.582
2026-02-11,5.0,3.727
2026-02-11,7.0,3.742
2026-02-11,10.0,3.853
2026-02-11,15.0,3.901
2026-02-11,20.0,3.896
2026-02-11,30.0,3.794
2026-02-12,0.25,2.777
2026-02-12,0.5,2.828
2026-02-12,0.75,2.891
2026-02-12,1.0,2.998
2026-02-12,1.5,3.13
2026-02-12,2.0,3.3
2026-02-12,2.5,3.365
2026-02-12,3.0,3.506
2026-02-12,4.0,3.544
2026-02-12,5.0,3.692
2026-02-12,7.0,3.72
2026-02-12,10.0,3.833
2026-02-12,15.0,3.871
2026-02-12,20.0,3.871
2026-02-12,30.0,3.774
2026-02-13,0.25,2.776
2026-02-13,0.5,2.825
2026-02-13,0.75,2.874
2026-02-13,1.0,2.956
2026-02-13,1.5,3.11
2026-02-13,2.0,3.294
2026-02-13,2.5,3.358
2026-02-13,3.0,3.498
2026-02-13,4.0,3.517
2026-02-13,5.0,3.665
2026-02-13,7.0,3.682
2026-02-13,10.0,3.783
2026-02-13,15.0,3.817
2026-02-13,20.0,3.815
2026-02-13,30.0,3.719
2026-02-19,0.25,2.776
2026-02-19,0.5,2.825
2026-02-19,0.75,2.874
2026-02-19,1.0,2.956
2026-02-19,1.5,3.113
2026-02-19,2.0,3.319
2026-02-19,2.5,3.383
2026-02-19,3.0,3.532
2026-02-19,4.0,3.546
2026-02-19,5.0,3.699
2026-02-19,7.0,3.71
2026-02-19,10.0,3.805
2026-02-19,15.0,3.839
2026-02-19,20.0,3.838
2026-02-19,30.0,3.74
2026-02-20,0.25,2.779
2026-02-20,0.5,2.828
2026-02-20,0.75,2.872
2026-02-20,1.0,2.951
2026-02-20,1.5,3.095
2026-02-20,2.0,3.281
2026-02-20,2.5,3.351
2026-02-20,3.0,3.496
2026-02-20,4.0,3.511
2026-02-20,5.0,3.66
2026-02-20,7.0,3.664
2026-02-20,10.0,3.757
2026-02-20,15.0,3.789
2026-02-20,20.0,3.787
2026-02-20,30.0,3.679
2026-02-23,0.25,2.781
2026-02-23,0.5,2.825
2026-02-23,0.75,2.872
2026-02-23,1.0,2.952
2026-02-23,1.5,3.091
2026-02-23,2.0,3.278
2026-02-23,2.5,3.354
2026-02-23,3.0,3.503
2026-02-23,4.0,3.519
2026-02-23,5.0,3.678
2026-02-23,7.0,3.692
2026-02-23,10.0,3.797
2026-02-23,15.0,3.824
2026-02-23,20.0,3.818
2026-02-23,30.0,3.717
2026-02-24,0.25,2.777
2026-02-24,0.5,2.82
2026-02-24,0.75,2.869
2026-02-24,1.0,2.948
2026-02-24,1.5,3.087
2026-02-24,2.0,3.274
2026-02-24,2.5,3.349
2026-02-24,3.0,3.498
2026-02-24,4.0,3.519
2026-02-24,5.0,3.68
2026-02-24,7.0,3.697
2026-02-24,10.0,3.809
2026-02-24,15.0,3.84
2026-02-24,20.0,3.838
2026-02-24,30.0,3.742
2026-02-25,0.25,2.781
2026-02-25,0.5,2.821
2026-02-25,0.75,2.861
2026-02-25,1.0,2.947
2026-02-25,1.5,3.071
2026-02-25,2.0,3.249
2026-02-25,2.5,3.318
2026-02-25,3.0,3.465
2026-02-25,4.0,3.49
2026-02-25,5.0,3.651
2026-02-25,7.0,3.664
2026-02-25,10.0,3.777
2026-02-25,15.0,3.814
2026-02-25,20.0,3.818
2026-02-25,30.0,3.73
2026-02-26,0.25,2.784
2026-02-26,0.5,2.818
2026-02-26,0.75,2.86
2026-02-26,1.0,2.943
2026-02-26,1.5,3.045
2026-02-26,2.0,3.208
2026-02-26,2.5,3.267
2026-02-26,3.0,3.409
2026-02-26,4.0,3.437
2026-02-26,5.0,3.586
2026-02-26,7.0,3.593
2026-02-26,10.0,3.692
2026-02-26,15.0,3.738
2026-02-26,20.0,3.748
2026-02-26,30.0,3.647
2026-02-27,0.25,2.782
2026-02-27,0.5,2.813
2026-02-27,0.75,2.855
2026-02-27,1.0,2.937
2026-02-27,1.5,3.035
2026-02-27,2.0,3.183
2026-02-27,2.5,3.243
2026-02-27,3.0,3.382
2026-02-27,4.0,3.407
2026-02-27,5.0,3.544
2026-02-27,7.0,3.563
2026-02-27,10.0,3.665
2026-02-27,15.0,3.708
2026-02-27,20.0,3.728
2026-02-27,30.0,3.627
2026-03-03,0.25,2.798
2026-03-03,0.5,2.84
2026-03-03,0.75,2.883
2026-03-03,1.0,2.976
2026-03-03,1.5,3.104
2026-03-03,2.0,3.306
2026-03-03,2.5,3.387
2026-03-03,3.0,3.525
2026-03-03,4.0,3.545
2026-03-03,5.0,3.694
2026-03-03,7.0,3.716
2026-03-03,10.0,3.836
2026-03-03,15.0,3.865
2026-03-03,20.0,3.873
2026-03-03,30.0,3.781
2026-03-04,0.25,2.798
2026-03-04,0.5,2.836
2026-03-04,0.75,2.881
2026-03-04,1.0,2.974
2026-03-04,1.5,3.117
2026-03-04,2.0,3.341
2026-03-04,2.5,3.428
2026-03-04,3.0,3.564
2026-03-04,4.0,3.583
2026-03-04,5.0,3.738
2026-03-04,7.0,3.754
2026-03-04,10.0,3.854
2026-03-04,15.0,3.864
2026-03-04,20.0,3.853
2026-03-04,30.0,3.752
2026-03-05,0.25,2.798
2026-03-05,0.5,2.837
2026-03-05,0.75,2.876
2026-03-05,1.0,2.967
2026-03-05,1.5,3.095
2026-03-05,2.0,3.303
2026-03-05,2.5,3.375
2026-03-05,3.0,3.514
2026-03-05,4.0,3.526
2026-03-05,5.0,3.686
2026-03-05,7.0,3.708
2026-03-05,10.0,3.797
2026-03-05,15.0,3.81
2026-03-05,20.0,3.803
2026-03-05,30.0,3.692
2026-03-06,0.25,2.794
2026-03-06,0.5,2.832
2026-03-06,0.75,2.876
2026-03-06,1.0,2.972
2026-03-06,1.5,3.109
2026-03-06,2.0,3.339
2026-03-06,2.5,3.413
2026-03-06,3.0,3.557
2026-03-06,4.0,3.568
2026-03-06,5.0,3.731
2026-03-06,7.0,3.753
2026-03-06,10.0,3.836
2026-03-06,15.0,3.843
2026-03-06,20.0,3.833
2026-03-06,30.0,3.721
2026-03-09,0.25,2.803
2026-03-09,0.5,2.856
2026-03-09,0.75,2.909
2026-03-09,1.0,3.015
2026-03-09,1.5,3.179
2026-03-09,2.0,3.508
2026-03-09,2.5,3.588
2026-03-09,3.0,3.731
2026-03-09,4.0,3.752
2026-03-09,5.0,3.897
2026-03-09,7.0,3.901
2026-03-09,10.0,3.961
2026-03-09,15.0,3.95
2026-03-09,20.0,3.918
2026-03-09,30.0,3.798
2026-03-10,0.25,2.799
2026-03-10,0.5,2.852
2026-03-10,0.75,2.886
2026-03-10,1.0,2.989
2026-03-10,1.5,3.131
2026-03-10,2.0,3.381
2026-03-10,2.5,3.469
2026-03-10,3.0,3.612
2026-03-10,4.0,3.632
2026-03-10,5.0,3.773
2026-03-10,7.0,3.784
2026-03-10,10.0,3.838
2026-03-10,15.0,3.845
2026-03-10,20.0,3.838
2026-03-10,30.0,3.71
2026-03-11,0.25,2.802
2026-03-11,0.5,2.85
2026-03-11,0.75,2.884
2026-03-11,1.0,2.982
2026-03-11,1.5,3.127
2026-03-11,2.0,3.376
2026-03-11,2.5,3.441
2026-03-11,3.0,3.584
2026-03-11,4.0,3.61
2026-03-11,5.0,3.738
2026-03-11,7.0,3.756
2026-03-11,10.0,3.831
2026-03-11,15.0,3.839
2026-03-11,20.0,3.833
2026-03-11,30.0,3.71
2026-03-12,0.25,2.8
2026-03-12,0.5,2.848
2026-03-12,0.75,2.891
2026-03-12,1.0,2.999
2026-03-12,1.5,3.137
2026-03-12,2.0,3.383
2026-03-12,2.5,3.454
2026-03-12,3.0,3.6
2026-03-12,4.0,3.625
2026-03-12,5.0,3.751
2026-03-12,7.0,3.781
2026-03-12,10.0,3.865
2026-03-12,15.0,3.874
2026-03-12,20.0,3.868
2026-03-12,30.0,3.764
2026-03-13,0.25,2.8
2026-03-13,0.5,2.848
2026-03-13,0.75,2.897
2026-03-13,1.0,3.014
2026-03-13,1.5,3.179
2026-03-13,2.0,3.448
2026-03-13,2.5,3.519
2026-03-13,3.0,3.668
2026-03-13,4.0,3.696
2026-03-13,5.0,3.825
2026-03-13,7.0,3.844
2026-03-13,10.0,3.916
2026-03-13,15.0,3.926
2026-03-13,20.0,3.924
2026-03-13,30.0,3.805
2026-03-16,0.25,2.802
2026-03-16,0.5,2.846
2026-03-16,0.75,2.886
2026-03-16,1.0,2.994
2026-03-16,1.5,3.168
2026-03-16,2.0,3.429
2026-03-16,2.5,3.484
2026-03-16,3.0,3.637
2026-03-16,4.0,3.679
2026-03-16,5.0,3.82
2026-03-16,7.0,3.833
2026-03-16,10.0,3.896
2026-03-16,15.0,3.906
2026-03-16,20.0,3.908
2026-03-16,30.0,3.796
2026-03-17,0.25,2.803
2026-03-17,0.5,2.845
2026-03-17,0.75,2.886
2026-03-17,1.0,2.999
2026-03-17,1.5,3.183
2026-03-17,2.0,3.434
2026-03-17,2.5,3.489
2026-03-17,3.0,3.655
2026-03-17,4.0,3.701
2026-03-17,5.0,3.839
2026-03-17,7.0,3.851
2026-03-17,10.0,3.911
2026-03-17,15.0,3.916
2026-03-17,20.0,3.913
2026-03-17,30.0,3.786
2026-03-18,0.25,2.794
2026-03-18,0.5,2.838
2026-03-18,0.75,2.879
2026-03-18,1.0,2.994
2026-03-18,1.5,3.175
2026-03-18,2.0,3.398
2026-03-18,2.5,3.443
2026-03-18,3.0,3.594
2026-03-18,4.0,3.644
2026-03-18,5.0,3.769
2026-03-18,7.0,3.778
2026-03-18,10.0,3.819
2026-03-18,15.0,3.838
2026-03-18,20.0,3.848
2026-03-18,30.0,3.715
2026-03-19,0.25,2.797
2026-03-19,0.5,2.841
2026-03-19,0.75,2.886
2026-03-19,1.0,3.013
2026-03-19,1.5,3.215
2026-03-19,2.0,3.453
2026-03-19,2.5,3.509
2026-03-19,3.0,3.653
2026-03-19,4.0,3.708
2026-03-19,5.0,3.829
2026-03-19,7.0,3.845
2026-03-19,10.0,3.892
2026-03-19,15.0,3.896
2026-03-19,20.0,3.89
2026-03-19,30.0,3.766
2026-03-20,0.25,2.807
2026-03-20,0.5,2.854
2026-03-20,0.75,2.915
2026-03-20,1.0,3.066
2026-03-20,1.5,3.285
2026-03-20,2.0,3.545
2026-03-20,2.5,3.613
2026-03-20,3.0,3.737
2026-03-20,4.0,3.763
2026-03-20,5.0,3.862
2026-03-20,7.0,3.899
2026-03-20,10.0,3.942
2026-03-20,15.0,3.932
2026-03-20,20.0,3.917
2026-03-20,30.0,3.794
2026-03-23,0.25,2.818
2026-03-23,0.5,2.872
2026-03-23,0.75,2.95
2026-03-23,1.0,3.123
2026-03-23,1.5,3.38
2026-03-23,2.0,3.751
2026-03-23,2.5,3.831
2026-03-23,3.0,3.95
2026-03-23,4.0,3.979
2026-03-23,5.0,4.081
2026-03-23,7.0,4.063
2026-03-23,10.0,4.092
2026-03-23,15.0,4.067
2026-03-23,20.0,4.054
2026-03-23,30.0,3.934
2026-03-24,0.25,2.814
2026-03-24,0.5,2.872
2026-03-24,0.75,2.952
2026-03-24,1.0,3.129
2026-03-24,1.5,3.378
2026-03-24,2.0,3.699
2026-03-24,2.5,3.749
2026-03-24,3.0,3.855
2026-03-24,4.0,3.893
2026-03-24,5.0,3.989
2026-03-24,7.0,3.985
2026-03-24,10.0,4.045
2026-03-24,15.0,4.037
2026-03-24,20.0,4.041
2026-03-24,30.0,3.911
2026-03-25,0.25,2.814
2026-03-25,0.5,2.885
2026-03-25,0.75,2.967
2026-03-25,1.0,3.163
2026-03-25,1.5,3.413
2026-03-25,2.0,3.729
2026-03-25,2.5,3.772
2026-03-25,3.0,3.88
2026-03-25,4.0,3.917
2026-03-25,5.0,4.013
2026-03-25,7.0,4.009
2026-03-25,10.0,4.061
2026-03-25,15.0,4.049
2026-03-25,20.0,4.054
2026-03-25,30.0,3.926
2026-03-26,0.25,2.824
2026-03-26,0.5,2.91
2026-03-26,0.75,3.015
2026-03-26,1.0,3.221
2026-03-26,1.5,3.453
2026-03-26,2.0,3.717
2026-03-26,2.5,3.764
2026-03-26,3.0,3.873
2026-03-26,4.0,3.913
2026-03-26,5.0,4.014
2026-03-26,7.0,4.011
2026-03-26,10.0,4.055
2026-03-26,15.0,4.074
2026-03-26,20.0,4.094
2026-03-26,30.0,3.969
2026-03-27,0.25,2.836
2026-03-27,0.5,2.927
2026-03-27,0.75,3.037
2026-03-27,1.0,3.251
2026-03-27,1.5,3.479
2026-03-27,2.0,3.763
2026-03-27,2.5,3.814
2026-03-27,3.0,3.919
2026-03-27,4.0,3.964
2026-03-27,5.0,4.068
2026-03-27,7.0,4.061
2026-03-27,10.0,4.128
2026-03-27,15.0,4.137
2026-03-27,20.0,4.151
2026-03-27,30.0,4.029
2026-03-30,0.25,2.826
2026-03-30,0.5,2.917
2026-03-30,0.75,3.032
2026-03-30,1.0,3.247
2026-03-30,1.5,3.457
2026-03-30,2.0,3.721
2026-03-30,2.5,3.771
2026-03-30,3.0,3.871
2026-03-30,4.0,3.932
2026-03-30,5.0,4.026
2026-03-30,7.0,4.032
2026-03-30,10.0,4.098
2026-03-30,15.0,4.102
2026-03-30,20.0,4.114
2026-03-30,30.0,3.999
2026-03-31,0.25,2.819
2026-03-31,0.5,2.912
2026-03-31,0.75,3.031
2026-03-31,1.0,3.244
2026-03-31,1.5,3.473
2026-03-31,2.0,3.729
2026-03-31,2.5,3.788
2026-03-31,3.0,3.884
2026-03-31,4.0,3.915
2026-03-31,5.0,3.998
2026-03-31,7.0,3.997
2026-03-31,10.0,4.08
2026-03-31,15.0,4.074
2026-03-31,20.0,4.082
2026-03-31,30.0,3.979
2026-04-01,0.25,2.791
2026-04-01,0.5,2.884
2026-04-01,0.75,3.001
2026-04-01,1.0,3.183
2026-04-01,1.5,3.376
2026-04-01,2.0,3.601
2026-04-01,2.5,3.625
2026-04-01,3.0,3.712
2026-04-01,4.0,3.728
2026-04-01,5.0,3.808
2026-04-01,7.0,3.825
2026-04-01,10.0,3.905
2026-04-01,15.0,3.898
2026-04-01,20.0,3.906
2026-04-01,30.0,3.825
2026-04-02,0.25,2.791
2026-04-02,0.5,2.883
2026-04-02,0.75,3.005
2026-04-02,1.0,3.191
2026-04-02,1.5,3.434
2026-04-02,2.0,3.684
2026-04-02,2.5,3.737
2026-04-02,3.0,3.82
2026-04-02,4.0,3.831
2026-04-02,5.0,3.914
2026-04-02,7.0,3.936
2026-04-02,10.0,4.013
2026-04-02,15.0,3.988
2026-04-02,20.0,3.978
2026-04-02,30.0,3.917
2026-04-03,0.25,2.784
2026-04-03,0.5,2.875
2026-04-03,0.75,2.985
2026-04-03,1.0,3.181
2026-04-03,1.5,3.399
2026-04-03,2.0,3.648
2026-04-03,2.5,3.699
2026-04-03,3.0,3.789
2026-04-03,4.0,3.789
2026-04-03,5.0,3.862
2026-04-03,7.0,3.889
2026-04-03,10.0,3.962
2026-04-03,15.0,3.931
2026-04-03,20.0,3.913
2026-04-03,30.0,3.834
2026-04-06,0.25,2.782
2026-04-06,0.5,2.874
2026-04-06,0.75,2.981
2026-04-06,1.0,3.17
2026-04-06,1.5,3.382
2026-04-06,2.0,3.625
2026-04-06,2.5,3.677
2026-04-06,3.0,3.774
2026-04-06,4.0,3.774
2026-04-06,5.0,3.833
2026-04-06,7.0,3.869
2026-04-06,10.0,3.943
2026-04-06,15.0,3.918
2026-04-06,20.0,3.91
2026-04-06,30.0,3.824
2026-04-07,0.25,2.777
2026-04-07,0.5,2.873
2026-04-07,0.75,2.981
2026-04-07,1.0,3.171
2026-04-07,1.5,3.382
2026-04-07,2.0,3.623
2026-04-07,2.5,3.676
2026-04-07,3.0,3.792
2026-04-07,4.0,3.797
2026-04-07,5.0,3.858
2026-04-07,7.0,3.898
2026-04-07,10.0,3.974
2026-04-07,15.0,3.952
2026-04-07,20.0,3.948
2026-04-07,30.0,3.851
2026-04-08,0.25,2.775
2026-04-08,0.5,2.857
2026-04-08,0.75,2.937
2026-04-08,1.0,3.1
2026-04-08,1.5,3.271
2026-04-08,2.0,3.504
2026-04-08,2.5,3.551
2026-04-08,3.0,3.669
2026-04-08,4.0,3.672
2026-04-08,5.0,3.728
2026-04-08,7.0,3.783
2026-04-08,10.0,3.855
2026-04-08,15.0,3.834
2026-04-08,20.0,3.835
2026-04-08,30.0,3.743
